1,T7Run1 Project Analysis,Reconstruction,-4666723,7.769999981,2.329999924
2,T7Run2 Project Analysis,Reconstruction,-4032837,8.430000305,2.329999924
3,T7Run3 Project Analysis,Reconstruction,-4352480.5,8.090000153,2.329999924
4,T7Run4 Project Analysis,Reconstruction,-3483538.75,8.960000038,2.329999924
5,T7Run5 Project Analysis,Reconstruction,-4202983,8.300000191,2.329999924
6,T7Run6 Project Analysis,Reconstruction,-4660392,7.75,2.329999924
7,T7Run7 Project Analysis,Reconstruction,-6447347.5,-86.18000031,2.329999924
8,T7Run8 Project Analysis,Reconstruction,57882248,32.06000137,2.369999886
9,T7Run9 Project Analysis,Reconstruction,60533832,32.84000015,2.369999886
10,T7Run10 Project Analysis,Reconstruction,59049788,32.43999863,2.369999886
11,T7Run11 Project Analysis,Reconstruction,62502248,33.47000122,2.369999886
12,T7Run12 Project Analysis,Reconstruction,59028648,32.52999878,2.369999886
13,T7Run13 Project Analysis,Reconstruction,54923976,32.02000046,2.369999886
14,T7Run14 Project Analysis,Reconstruction,45105628,29.59000015,2.369999886
15,T7Run15 Project Analysis,Reconstruction,260752464,61.18999863,2.470000029
16,T7Run16 Project Analysis,Reconstruction,268792448,63.24000168,2.470000029
17,T7Run17 Project Analysis,Reconstruction,264480544,62.15999985,2.470000029
18,T7Run18 Project Analysis,Reconstruction,275226304,65.44000244,2.480000019
19,T7Run19 Project Analysis,Reconstruction,263155168,64.19999695,2.480000019
20,T7Run20 Project Analysis,Reconstruction,248563072,64.16999817,2.480000019
21,T7Run21 Project Analysis,Reconstruction,214266848,60.54999924,2.480000019
22,T7Run22 Project Analysis,Reconstruction,-4408647.5,8.06000042,2.329999924
23,T7Run23 Project Analysis,Reconstruction,-3769528.5,8.710000038,2.329999924
24,T7Run24 Project Analysis,Reconstruction,-4094715.75,8.390000343,2.329999924
25,T7Run25 Project Analysis,Reconstruction,-3222646.25,9.239999771,2.329999924
26,T7Run26 Project Analysis,Reconstruction,-3952253,8.569999695,2.329999924
27,T7Run27 Project Analysis,Reconstruction,-4440256.5,7.989999771,2.329999924
28,T7Run28 Project Analysis,Reconstruction,-6261197.5,-89.06999969,2.329999924
29,T7Run29 Project Analysis,Reconstruction,63484476,33.56999969,2.369999886
30,T7Run30 Project Analysis,Reconstruction,66178748,34.34999847,2.369999886
31,T7Run31 Project Analysis,Reconstruction,64668056,33.93000031,2.369999886
32,T7Run32 Project Analysis,Reconstruction,68072248,34.97000122,2.369999886
33,T7Run33 Project Analysis,Reconstruction,64191784,33.95000076,2.369999886
34,T7Run34 Project Analysis,Reconstruction,59741008,33.45999908,2.369999886
35,T7Run35 Project Analysis,Reconstruction,49082540,30.87000084,2.369999886
36,T7Run36 Project Analysis,Reconstruction,287099072,67.51000214,2.470000029
37,T7Run37 Project Analysis,Reconstruction,295132928,69.76999664,2.470000029
38,T7Run38 Project Analysis,Reconstruction,290823712,68.61000061,2.470000029
39,T7Run39 Project Analysis,Reconstruction,300665280,72.12999725,2.470000029
40,T7Run40 Project Analysis,Reconstruction,286152928,70.43000031,2.480000019
41,T7Run41 Project Analysis,Reconstruction,269864704,70.37000275,2.480000019
42,T7Run42 Project Analysis,Reconstruction,231441472,65.83999634,2.480000019
43,T7Run43 Project Analysis,Reconstruction,33069732,32.02999878,2.880000114
44,T7Run44 Project Analysis,Reconstruction,34301376,33,2.880000114
45,T7Run45 Project Analysis,Reconstruction,33576992,32.52999878,2.880000114
46,T7Run46 Project Analysis,Reconstruction,34841096,33.86999893,2.880000114
47,T7Run47 Project Analysis,Reconstruction,32164716,32.75999832,2.880000114
48,T7Run48 Project Analysis,Reconstruction,28716990,31.34000015,2.880000114
49,T7Run49 Project Analysis,Reconstruction,21872764,27.84000015,2.880000114
50,T7Run50 Project Analysis,Reconstruction,252687152,110.5299988,2.950000048
51,T7Run51 Project Analysis,Reconstruction,256778752,115.4300003,2.950000048
52,T7Run52 Project Analysis,Reconstruction,254237744,113.2300034,2.950000048
53,T7Run53 Project Analysis,Reconstruction,256463840,120.6699982,2.950000048
54,T7Run54 Project Analysis,Reconstruction,240312144,116.7200012,2.950000048
55,T7Run55 Project Analysis,Reconstruction,222113792,112.9499969,2.950000048
56,T7Run56 Project Analysis,Reconstruction,184878256,101.1100006,2.950000048
57,T7Run57 Project Analysis,Reconstruction,969801152,299.75,3.079999924
58,T7Run58 Project Analysis,Reconstruction,974543424,314.0700073,3.079999924
59,T7Run59 Project Analysis,Reconstruction,971252864,307.1700134,3.079999924
60,T7Run60 Project Analysis,Reconstruction,960180096,328.9100037,3.079999924
61,T7Run61 Project Analysis,Reconstruction,891360128,318.6700134,3.079999924
62,T7Run62 Project Analysis,Reconstruction,828092032,306.3099976,3.079999924
63,T7Run63 Project Analysis,Reconstruction,688246336,273.2600098,3.079999924
64,T7Run64 Project Analysis,Reconstruction,84853136,63.31999969,3.430000067
65,T7Run65 Project Analysis,Reconstruction,85315352,64.51999664,3.430000067
66,T7Run66 Project Analysis,Reconstruction,84865032,63.59999847,3.430000067
67,T7Run67 Project Analysis,Reconstruction,83684816,64.69999695,3.430000067
68,T7Run68 Project Analysis,Reconstruction,76819752,62.47999954,3.430000067
69,T7Run69 Project Analysis,Reconstruction,69473464,57.74000168,3.430000067
70,T7Run70 Project Analysis,Reconstruction,54824812,50.61999893,3.430000067
71,T7Run71 Project Analysis,Reconstruction,478717696,265.3699951,3.559999943
72,T7Run72 Project Analysis,Reconstruction,478439200,270.8599854,3.559999943
73,T7Run73 Project Analysis,Reconstruction,478129600,266.3800049,3.559999943
74,T7Run74 Project Analysis,Reconstruction,467870848,270.9899902,3.559999943
75,T7Run75 Project Analysis,Reconstruction,431582720,261.5499878,3.559999943
76,T7Run76 Project Analysis,Reconstruction,398640896,237.2599945,3.559999943
77,T7Run77 Project Analysis,Reconstruction,326270080,205.3099976,3.559999943
78,T7Run78 Project Analysis,Reconstruction,1459862912,-9999.990234,3.809999943
79,T7Run79 Project Analysis,Reconstruction,1453180160,-9999.990234,3.809999943
80,T7Run80 Project Analysis,Reconstruction,1456826496,-9999.990234,3.809999943
81,T7Run81 Project Analysis,Reconstruction,1415423872,-9999.990234,3.809999943
82,T7Run82 Project Analysis,Reconstruction,1297793408,866.7399902,3.809999943
83,T7Run83 Project Analysis,Reconstruction,1208952960,785.1300049,3.809999943
84,T7Run84 Project Analysis,Reconstruction,989670016,658.9299927,3.809999943
85,T7Run85 Project Analysis,Reconstruction,121515576,102.1299973,3.960000038
86,T7Run86 Project Analysis,Reconstruction,121055160,102.6399994,3.960000038
87,T7Run87 Project Analysis,Reconstruction,121257616,102.0899963,3.960000038
88,T7Run88 Project Analysis,Reconstruction,117745488,101.2600021,3.960000038
89,T7Run89 Project Analysis,Reconstruction,106896328,95.80000305,3.960000038
90,T7Run90 Project Analysis,Reconstruction,98191088,88.33000183,3.960000038
91,T7Run91 Project Analysis,Reconstruction,77457040,74.65000153,3.960000038
92,T7Run92 Project Analysis,Reconstruction,586528192,430.9299927,4.079999924
93,T7Run93 Project Analysis,Reconstruction,583666624,432.7200012,4.079999924
94,T7Run94 Project Analysis,Reconstruction,585243520,430.6000061,4.079999924
95,T7Run95 Project Analysis,Reconstruction,568097472,426.1000061,4.079999924
96,T7Run96 Project Analysis,Reconstruction,518978176,400.1099854,4.079999924
97,T7Run97 Project Analysis,Reconstruction,483624800,368.2399902,4.079999924
98,T7Run98 Project Analysis,Reconstruction,393334368,306.2799988,4.090000153
99,T7Run99 Project Analysis,Reconstruction,1617627520,-9999.990234,4.329999924
100,T7Run100 Project Analysis,Reconstruction,1607027072,-9999.990234,4.329999924
101,T7Run101 Project Analysis,Reconstruction,1613725952,-9999.990234,4.329999924
102,T7Run102 Project Analysis,Reconstruction,1561634816,-9999.990234,4.329999924
103,T7Run103 Project Analysis,Reconstruction,1423934848,-9999.990234,4.329999924
104,T7Run104 Project Analysis,Reconstruction,1332877568,-9999.990234,4.329999924
105,T7Run105 Project Analysis,Reconstruction,1088928384,-9999.990234,4.329999924
106,T7Run106 Project Analysis,Reconstruction,-2209707.5,10.21000004,2.329999924
107,T7Run107 Project Analysis,Reconstruction,-1470764.63,10.84000015,2.329999924
108,T7Run108 Project Analysis,Reconstruction,-1848279.38,10.52999973,2.329999924
109,T7Run109 Project Analysis,Reconstruction,-837300.31,11.35999966,2.329999924
110,T7Run110 Project Analysis,Reconstruction,-1662859.25,10.69999981,2.329999924
111,T7Run111 Project Analysis,Reconstruction,-2255694.25,10.14999962,2.329999924
112,T7Run112 Project Analysis,Reconstruction,-4350953,8.199999809,2.329999924
113,T7Run113 Project Analysis,Reconstruction,78712416,35.08000183,2.369999886
114,T7Run114 Project Analysis,Reconstruction,81701304,35.84999847,2.369999886
115,T7Run115 Project Analysis,Reconstruction,80006928,35.45000076,2.369999886
116,T7Run116 Project Analysis,Reconstruction,83735664,36.47999954,2.369999886
117,T7Run117 Project Analysis,Reconstruction,79023872,35.49000168,2.380000114
118,T7Run118 Project Analysis,Reconstruction,73634256,34.97000122,2.380000114
119,T7Run119 Project Analysis,Reconstruction,61052064,32.47000122,2.380000114
120,T7Run120 Project Analysis,Reconstruction,334719808,65.41000366,2.49000001
121,T7Run121 Project Analysis,Reconstruction,343250240,67.55999756,2.49000001
122,T7Run122 Project Analysis,Reconstruction,338756512,66.43000031,2.49000001
123,T7Run123 Project Analysis,Reconstruction,349171808,69.87999725,2.49000001
124,T7Run124 Project Analysis,Reconstruction,332415168,68.61000061,2.49000001
125,T7Run125 Project Analysis,Reconstruction,313335904,68.58999634,2.49000001
126,T7Run126 Project Analysis,Reconstruction,269283200,64.80000305,2.5
127,T7Run127 Project Analysis,Reconstruction,-1881338,10.51000023,2.329999924
128,T7Run128 Project Analysis,Reconstruction,-1138116.5,11.10999966,2.329999924
129,T7Run129 Project Analysis,Reconstruction,-1521047,10.80000019,2.329999924
130,T7Run130 Project Analysis,Reconstruction,-510412.94,11.63000011,2.329999924
131,T7Run131 Project Analysis,Reconstruction,-1349674.25,10.93999958,2.329999924
132,T7Run132 Project Analysis,Reconstruction,-1982487.88,10.40999985,2.329999924
133,T7Run133 Project Analysis,Reconstruction,-4122130.5,8.449999809,2.329999924
134,T7Run134 Project Analysis,Reconstruction,86522368,36.83000183,2.369999886
135,T7Run135 Project Analysis,Reconstruction,89549272,37.61999893,2.369999886
136,T7Run136 Project Analysis,Reconstruction,87834336,37.20000076,2.369999886
137,T7Run137 Project Analysis,Reconstruction,91467216,38.25,2.369999886
138,T7Run138 Project Analysis,Reconstruction,86112464,37.18000031,2.380000114
139,T7Run139 Project Analysis,Reconstruction,80276064,36.65999985,2.380000114
140,T7Run140 Project Analysis,Reconstruction,66540980,33.97000122,2.380000114
141,T7Run141 Project Analysis,Reconstruction,367135040,72.59999847,2.49000001
142,T7Run142 Project Analysis,Reconstruction,375752704,75,2.49000001
143,T7Run143 Project Analysis,Reconstruction,371182688,73.76000214,2.49000001
144,T7Run144 Project Analysis,Reconstruction,381005760,77.54000092,2.49000001
145,T7Run145 Project Analysis,Reconstruction,361215680,75.73000336,2.49000001
146,T7Run146 Project Analysis,Reconstruction,340191744,75.68000031,2.49000001
147,T7Run147 Project Analysis,Reconstruction,291047488,70.86000061,2.5
148,T7Run148 Project Analysis,Reconstruction,40856456,34.61000061,2.880000114
149,T7Run149 Project Analysis,Reconstruction,42185176,35.63000107,2.880000114
150,T7Run150 Project Analysis,Reconstruction,41395372,35.11000061,2.880000114
151,T7Run151 Project Analysis,Reconstruction,42700544,36.54000092,2.880000114
152,T7Run152 Project Analysis,Reconstruction,39550100,35.38999939,2.880000114
153,T7Run153 Project Analysis,Reconstruction,35555440,33.93000031,2.880000114
154,T7Run154 Project Analysis,Reconstruction,27637430,30.35000038,2.880000114
155,T7Run155 Project Analysis,Reconstruction,298012608,117.5299988,2.950000048
156,T7Run156 Project Analysis,Reconstruction,302252224,122.7099991,2.950000048
157,T7Run157 Project Analysis,Reconstruction,299577664,120.3799973,2.950000048
158,T7Run158 Project Analysis,Reconstruction,301254368,128.2599945,2.950000048
159,T7Run159 Project Analysis,Reconstruction,281797376,124.0899963,2.950000048
160,T7Run160 Project Analysis,Reconstruction,260644400,120.0999985,2.950000048
161,T7Run161 Project Analysis,Reconstruction,216971072,107.5899963,2.950000048
162,T7Run162 Project Analysis,Reconstruction,1126790784,318.5,3.089999914
163,T7Run163 Project Analysis,Reconstruction,1130811520,333.5899963,3.089999914
164,T7Run164 Project Analysis,Reconstruction,1127917696,326.269989,3.089999914
165,T7Run165 Project Analysis,Reconstruction,1112762240,349.1600037,3.089999914
166,T7Run166 Project Analysis,Reconstruction,1031216192,338.3699951,3.089999914
167,T7Run167 Project Analysis,Reconstruction,958498624,325.1000061,3.089999914
168,T7Run168 Project Analysis,Reconstruction,795916736,290.1300049,3.089999914
169,T7Run169 Project Analysis,Reconstruction,98558224,67.30000305,3.430000067
170,T7Run170 Project Analysis,Reconstruction,99012528,68.58000183,3.430000067
171,T7Run171 Project Analysis,Reconstruction,98553208,67.59999847,3.430000067
172,T7Run172 Project Analysis,Reconstruction,97084736,68.76999664,3.430000067
173,T7Run173 Project Analysis,Reconstruction,89186256,66.47000122,3.430000067
174,T7Run174 Project Analysis,Reconstruction,80959760,61.50999832,3.430000067
175,T7Run175 Project Analysis,Reconstruction,64311596,54.06999969,3.430000067
176,T7Run176 Project Analysis,Reconstruction,544158272,281.7399902,3.569999933
177,T7Run177 Project Analysis,Reconstruction,543508672,287.4899902,3.569999933
178,T7Run178 Project Analysis,Reconstruction,543396544,282.7799988,3.569999933
179,T7Run179 Project Analysis,Reconstruction,531298880,287.5299988,3.569999933
180,T7Run180 Project Analysis,Reconstruction,489633280,277.5,3.569999933
181,T7Run181 Project Analysis,Reconstruction,452760736,251.6999969,3.569999933
182,T7Run182 Project Analysis,Reconstruction,370770144,217.8099976,3.569999933
183,T7Run183 Project Analysis,Reconstruction,1639195264,-9999.990234,3.819999933
184,T7Run184 Project Analysis,Reconstruction,1630996992,-9999.990234,3.819999933
185,T7Run185 Project Analysis,Reconstruction,1635720576,-9999.990234,3.819999933
186,T7Run186 Project Analysis,Reconstruction,1588363392,-9999.990234,3.829999924
187,T7Run187 Project Analysis,Reconstruction,1455600768,-9999.990234,3.829999924
188,T7Run188 Project Analysis,Reconstruction,1356557184,836.6099854,3.829999924
189,T7Run189 Project Analysis,Reconstruction,1110798848,701.5200195,3.829999924
190,T7Run190 Project Analysis,Reconstruction,138079264,108.0899963,3.960000038
191,T7Run191 Project Analysis,Reconstruction,137525792,108.6299973,3.960000038
192,T7Run192 Project Analysis,Reconstruction,137780800,108.0400009,3.960000038
193,T7Run193 Project Analysis,Reconstruction,133787984,107.1900024,3.960000038
194,T7Run194 Project Analysis,Reconstruction,121580232,101.4800034,3.960000038
195,T7Run195 Project Analysis,Reconstruction,111906368,93.62000275,3.960000038
196,T7Run196 Project Analysis,Reconstruction,88705680,79.26999664,3.960000038
197,T7Run197 Project Analysis,Reconstruction,657693120,456.0700073,4.090000153
198,T7Run198 Project Analysis,Reconstruction,654290176,457.9100037,4.090000153
199,T7Run199 Project Analysis,Reconstruction,656240384,455.7200012,4.090000153
200,T7Run200 Project Analysis,Reconstruction,636765952,450.8800049,4.090000153
201,T7Run201 Project Analysis,Reconstruction,581679552,423.25,4.090000153
202,T7Run202 Project Analysis,Reconstruction,542394624,389.769989,4.090000153
203,T7Run203 Project Analysis,Reconstruction,441444672,324.2000122,4.090000153
204,T7Run204 Project Analysis,Reconstruction,1800963840,-9999.990234,4.349999905
205,T7Run205 Project Analysis,Reconstruction,1788862336,-9999.990234,4.349999905
206,T7Run206 Project Analysis,Reconstruction,1796587392,-9999.990234,4.349999905
207,T7Run207 Project Analysis,Reconstruction,1738099968,-9999.990234,4.349999905
208,T7Run208 Project Analysis,Reconstruction,1584833920,-9999.990234,4.349999905
209,T7Run209 Project Analysis,Reconstruction,1483684736,-9999.990234,4.349999905
210,T7Run210 Project Analysis,Reconstruction,1212364800,-9999.990234,4.349999905
211,T7Run211 Project Analysis,Reconstruction,4384027.5,14.89000034,2.339999914
212,T7Run212 Project Analysis,Reconstruction,5383668.5,15.5,2.339999914
213,T7Run213 Project Analysis,Reconstruction,4857349,15.18000031,2.339999914
214,T7Run214 Project Analysis,Reconstruction,6212419,15.96000004,2.339999914
215,T7Run215 Project Analysis,Reconstruction,5112136,15.31999969,2.339999914
216,T7Run216 Project Analysis,Reconstruction,4109120.5,14.77000046,2.339999914
217,T7Run217 Project Analysis,Reconstruction,1186834.38,12.85999966,2.339999914
218,T7Run218 Project Analysis,Reconstruction,136792720,40.90999985,2.390000105
219,T7Run219 Project Analysis,Reconstruction,140309520,41.68999863,2.390000105
220,T7Run220 Project Analysis,Reconstruction,138367792,41.27999878,2.390000105
221,T7Run221 Project Analysis,Reconstruction,142044416,42.29999924,2.390000105
222,T7Run222 Project Analysis,Reconstruction,133478896,41.22999954,2.390000105
223,T7Run223 Project Analysis,Reconstruction,124794880,40.70999908,2.390000105
224,T7Run224 Project Analysis,Reconstruction,104231256,38.02999878,2.390000105
225,T7Run225 Project Analysis,Reconstruction,546507136,74.62000275,2.539999962
226,T7Run226 Project Analysis,Reconstruction,555939840,76.98000336,2.539999962
227,T7Run227 Project Analysis,Reconstruction,551011712,75.73999786,2.539999962
228,T7Run228 Project Analysis,Reconstruction,559498752,79.59999847,2.539999962
229,T7Run229 Project Analysis,Reconstruction,528083552,78.25,2.539999962
230,T7Run230 Project Analysis,Reconstruction,496761280,78.23000336,2.539999962
231,T7Run231 Project Analysis,Reconstruction,423282688,74.05999756,2.549999952
232,T7Run232 Project Analysis,Reconstruction,4985023,15.22999954,2.339999914
233,T7Run233 Project Analysis,Reconstruction,5992328,15.81999969,2.339999914
234,T7Run234 Project Analysis,Reconstruction,5456690,15.52000046,2.339999914
235,T7Run235 Project Analysis,Reconstruction,6811232.5,16.29000092,2.339999914
236,T7Run236 Project Analysis,Reconstruction,5686381,15.63000011,2.339999914
237,T7Run237 Project Analysis,Reconstruction,4610972,15.05000019,2.339999914
238,T7Run238 Project Analysis,Reconstruction,1607035.38,13.14000034,2.339999914
239,T7Run239 Project Analysis,Reconstruction,148294144,43.02999878,2.390000105
240,T7Run240 Project Analysis,Reconstruction,151893408,43.86000061,2.390000105
241,T7Run241 Project Analysis,Reconstruction,149891136,43.43999863,2.390000105
242,T7Run242 Project Analysis,Reconstruction,153482608,44.52000046,2.390000105
243,T7Run243 Project Analysis,Reconstruction,143966096,43.34000015,2.390000105
244,T7Run244 Project Analysis,Reconstruction,134636976,42.79999924,2.390000105
245,T7Run245 Project Analysis,Reconstruction,112334760,39.91999817,2.390000105
246,T7Run246 Project Analysis,Reconstruction,561935232,78.73999786,2.529999971
247,T7Run247 Project Analysis,Reconstruction,571076288,81.26999664,2.529999971
248,T7Run248 Project Analysis,Reconstruction,566304192,79.94999695,2.529999971
249,T7Run249 Project Analysis,Reconstruction,573674880,83.94000244,2.539999962
250,T7Run250 Project Analysis,Reconstruction,540134400,82.12000275,2.539999962
251,T7Run251 Project Analysis,Reconstruction,507736928,82.05999756,2.539999962
252,T7Run252 Project Analysis,Reconstruction,431467008,77.11000061,2.539999962
253,T7Run253 Project Analysis,Reconstruction,60288588,39.81000137,2.880000114
254,T7Run254 Project Analysis,Reconstruction,61856180,40.91999817,2.880000114
255,T7Run255 Project Analysis,Reconstruction,60899132,40.38000107,2.880000114
256,T7Run256 Project Analysis,Reconstruction,62254964,41.93000031,2.880000114
257,T7Run257 Project Analysis,Reconstruction,57900328,40.70999908,2.880000114
258,T7Run258 Project Analysis,Reconstruction,52556840,39.20000076,2.880000114
259,T7Run259 Project Analysis,Reconstruction,41933536,35.40999985,2.880000114
260,T7Run260 Project Analysis,Reconstruction,412552224,132.5899963,2.970000029
261,T7Run261 Project Analysis,Reconstruction,416981312,138.4199982,2.970000029
262,T7Run262 Project Analysis,Reconstruction,414130944,135.7799988,2.970000029
263,T7Run263 Project Analysis,Reconstruction,413787232,144.6399994,2.970000029
264,T7Run264 Project Analysis,Reconstruction,386075168,139.9900055,2.970000029
265,T7Run265 Project Analysis,Reconstruction,357695808,135.4799957,2.970000029
266,T7Run266 Project Analysis,Reconstruction,297362784,121.4899979,2.970000029
267,T7Run267 Project Analysis,Reconstruction,1510772608,359.3299866,3.140000105
268,T7Run268 Project Analysis,Reconstruction,1513190016,376.0599976,3.140000105
269,T7Run269 Project Analysis,Reconstruction,1511163904,367.8399963,3.140000105
270,T7Run270 Project Analysis,Reconstruction,1484592384,393.1199951,3.140000105
271,T7Run271 Project Analysis,Reconstruction,1372372096,381.1499939,3.140000105
272,T7Run272 Project Analysis,Reconstruction,1277373184,365.8099976,3.140000105
273,T7Run273 Project Analysis,Reconstruction,1057999040,326.6600037,3.140000105
274,T7Run274 Project Analysis,Reconstruction,132009232,75.61000061,3.440000057
275,T7Run275 Project Analysis,Reconstruction,132411608,77.02999878,3.440000057
276,T7Run276 Project Analysis,Reconstruction,131957944,75.94000244,3.440000057
277,T7Run277 Project Analysis,Reconstruction,129714672,77.29000092,3.440000057
278,T7Run278 Project Analysis,Reconstruction,119283904,74.79000092,3.440000057
279,T7Run279 Project Analysis,Reconstruction,108953520,69.33999634,3.440000057
280,T7Run280 Project Analysis,Reconstruction,87375104,61.25999832,3.440000057
281,T7Run281 Project Analysis,Reconstruction,702602240,317.1499939,3.579999924
282,T7Run282 Project Analysis,Reconstruction,701162496,323.4100037,3.579999924
283,T7Run283 Project Analysis,Reconstruction,701496832,318.2399902,3.579999924
284,T7Run284 Project Analysis,Reconstruction,684662464,323.2399902,3.579999924
285,T7Run285 Project Analysis,Reconstruction,630130112,311.9200134,3.579999924
286,T7Run286 Project Analysis,Reconstruction,583954688,282.8200073,3.579999924
287,T7Run287 Project Analysis,Reconstruction,478390944,244.6799927,3.579999924
288,T7Run288 Project Analysis,Reconstruction,2066699264,-9999.990234,3.880000114
289,T7Run289 Project Analysis,Reconstruction,2055135744,-9999.990234,3.880000114
290,T7Run290 Project Analysis,Reconstruction,2062000384,-9999.990234,3.880000114
291,T7Run291 Project Analysis,Reconstruction,2000547328,-9999.990234,3.880000114
292,T7Run292 Project Analysis,Reconstruction,1831280512,-9999.990234,3.880000114
293,T7Run293 Project Analysis,Reconstruction,1708411520,-9999.990234,3.880000114
294,T7Run294 Project Analysis,Reconstruction,1399131648,794.3599854,3.880000114
295,T7Run295 Project Analysis,Reconstruction,177701696,120.6299973,3.960000038
296,T7Run296 Project Analysis,Reconstruction,176920880,121.2399979,3.960000038
297,T7Run297 Project Analysis,Reconstruction,177309520,120.5800018,3.960000038
298,T7Run298 Project Analysis,Reconstruction,172148208,119.6699982,3.960000038
299,T7Run299 Project Analysis,Reconstruction,156671360,113.4100037,3.960000038
300,T7Run300 Project Analysis,Reconstruction,144694240,104.6999969,3.960000038
301,T7Run301 Project Analysis,Reconstruction,115592200,88.94000244,3.960000038
302,T7Run302 Project Analysis,Reconstruction,822169280,504.2600098,4.090000153
303,T7Run303 Project Analysis,Reconstruction,817639168,506.2999878,4.090000153
304,T7Run304 Project Analysis,Reconstruction,820325632,503.8699951,4.090000153
305,T7Run305 Project Analysis,Reconstruction,795608448,498.5499878,4.090000153
306,T7Run306 Project Analysis,Reconstruction,726867264,468.0799866,4.090000153
307,T7Run307 Project Analysis,Reconstruction,678227072,431.0599976,4.090000153
308,T7Run308 Project Analysis,Reconstruction,552722752,358.6300049,4.090000153
309,T7Run309 Project Analysis,Reconstruction,2233258752,-9999.990234,4.409999847
310,T7Run310 Project Analysis,Reconstruction,2217433600,-9999.990234,4.409999847
311,T7Run311 Project Analysis,Reconstruction,2227760128,-9999.990234,4.409999847
312,T7Run312 Project Analysis,Reconstruction,2154349312,-9999.990234,4.409999847
313,T7Run313 Project Analysis,Reconstruction,1964439040,-9999.990234,4.409999847
314,T7Run314 Project Analysis,Reconstruction,1839107456,-9999.990234,4.409999847
315,T7Run315 Project Analysis,Reconstruction,1503726848,-9999.990234,4.409999847
316,T7Run316 Project Analysis,Reconstruction,14318056,19.53000069,2.339999914
317,T7Run317 Project Analysis,Reconstruction,15658970,20.09000015,2.339999914
318,T7Run318 Project Analysis,Reconstruction,14926740,19.79999924,2.339999914
319,T7Run319 Project Analysis,Reconstruction,16702699,20.54999924,2.339999914
320,T7Run320 Project Analysis,Reconstruction,15200837,19.87000084,2.339999914
321,T7Run321 Project Analysis,Reconstruction,13491281,19.29999924,2.339999914
322,T7Run322 Project Analysis,Reconstruction,9305694,17.37999916,2.339999914
323,T7Run323 Project Analysis,Reconstruction,237345376,47.47000122,2.400000095
324,T7Run324 Project Analysis,Reconstruction,241181840,48.25,2.400000095
325,T7Run325 Project Analysis,Reconstruction,239069216,47.83000183,2.400000095
326,T7Run326 Project Analysis,Reconstruction,241505392,48.84999847,2.410000086
327,T7Run327 Project Analysis,Reconstruction,225544000,47.68000031,2.410000086
328,T7Run328 Project Analysis,Reconstruction,211057648,47.11000061,2.410000086
329,T7Run329 Project Analysis,Reconstruction,176272480,44.25,2.410000086
330,T7Run330 Project Analysis,Reconstruction,854337024,84.41999817,2.569999933
331,T7Run331 Project Analysis,Reconstruction,863999488,87.05000305,2.569999933
332,T7Run332 Project Analysis,Reconstruction,859129344,85.66999817,2.569999933
333,T7Run333 Project Analysis,Reconstruction,862512192,90,2.569999933
334,T7Run334 Project Analysis,Reconstruction,808455168,88.55000305,2.579999924
335,T7Run335 Project Analysis,Reconstruction,759328192,88.55000305,2.579999924
336,T7Run336 Project Analysis,Reconstruction,642355136,83.93000031,2.579999924
337,T7Run337 Project Analysis,Reconstruction,15493634,19.93000031,2.339999914
338,T7Run338 Project Analysis,Reconstruction,16834934,20.5,2.339999914
339,T7Run339 Project Analysis,Reconstruction,16094101,20.20000076,2.339999914
340,T7Run340 Project Analysis,Reconstruction,17843996,20.92000008,2.339999914
341,T7Run341 Project Analysis,Reconstruction,16289627,20.25,2.339999914
342,T7Run342 Project Analysis,Reconstruction,14439257,19.65999985,2.339999914
343,T7Run343 Project Analysis,Reconstruction,10081856,17.70999908,2.339999914
344,T7Run344 Project Analysis,Reconstruction,255190848,50.20000076,2.400000095
345,T7Run345 Project Analysis,Reconstruction,259094992,51.06000137,2.400000095
346,T7Run346 Project Analysis,Reconstruction,256944832,50.61999893,2.400000095
347,T7Run347 Project Analysis,Reconstruction,259016848,51.74000168,2.410000086
348,T7Run348 Project Analysis,Reconstruction,241544512,50.41999817,2.410000086
349,T7Run349 Project Analysis,Reconstruction,226044624,49.84000015,2.410000086
350,T7Run350 Project Analysis,Reconstruction,188531120,46.70000076,2.410000086
351,T7Run351 Project Analysis,Reconstruction,874969472,89.77999878,2.569999933
352,T7Run352 Project Analysis,Reconstruction,884287232,92.65000153,2.569999933
353,T7Run353 Project Analysis,Reconstruction,879618816,91.15000153,2.569999933
354,T7Run354 Project Analysis,Reconstruction,881630464,95.69000244,2.569999933
355,T7Run355 Project Analysis,Reconstruction,824621120,93.63999939,2.579999924
356,T7Run356 Project Analysis,Reconstruction,774367040,93.61000061,2.579999924
357,T7Run357 Project Analysis,Reconstruction,653770880,88.02999878,2.579999924
358,T7Run358 Project Analysis,Reconstruction,86688800,45.09000015,2.890000105
359,T7Run359 Project Analysis,Reconstruction,88519728,46.31999969,2.890000105
360,T7Run360 Project Analysis,Reconstruction,87376872,45.72000122,2.890000105
361,T7Run361 Project Analysis,Reconstruction,88669680,47.45000076,2.890000105
362,T7Run362 Project Analysis,Reconstruction,82615344,46.13000107,2.890000105
363,T7Run363 Project Analysis,Reconstruction,75509920,44.56999969,2.890000105
364,T7Run364 Project Analysis,Reconstruction,61134112,40.54000092,2.890000105
365,T7Run365 Project Analysis,Reconstruction,566627584,147.3500061,2.99000001
366,T7Run366 Project Analysis,Reconstruction,570980928,153.7599945,2.99000001
367,T7Run367 Project Analysis,Reconstruction,568101888,150.8699951,2.99000001
368,T7Run368 Project Analysis,Reconstruction,564675456,160.6199951,2.99000001
369,T7Run369 Project Analysis,Reconstruction,525305664,155.5099945,2.99000001
370,T7Run370 Project Analysis,Reconstruction,487304000,150.5700073,2.99000001
371,T7Run371 Project Analysis,Reconstruction,404634272,135.1600037,2.99000001
372,T7Run372 Project Analysis,Reconstruction,2015755520,405.1700134,3.180000067
373,T7Run373 Project Analysis,Reconstruction,2014934016,423.6499939,3.180000067
374,T7Run374 Project Analysis,Reconstruction,2014975104,414.4599915,3.180000067
375,T7Run375 Project Analysis,Reconstruction,1973417984,442.2600098,3.180000067
376,T7Run376 Project Analysis,Reconstruction,1819754624,428.980011,3.180000067
377,T7Run377 Project Analysis,Reconstruction,1694294528,411.1900024,3.180000067
378,T7Run378 Project Analysis,Reconstruction,1401500416,367.3699951,3.180000067
379,T7Run379 Project Analysis,Reconstruction,175275424,84.37000275,3.440000057
380,T7Run380 Project Analysis,Reconstruction,175580320,85.95999908,3.440000057
381,T7Run381 Project Analysis,Reconstruction,175157552,84.73999786,3.440000057
382,T7Run382 Project Analysis,Reconstruction,171829632,86.26999664,3.440000057
383,T7Run383 Project Analysis,Reconstruction,158084000,83.56999969,3.440000057
384,T7Run384 Project Analysis,Reconstruction,145046528,77.55999756,3.440000057
385,T7Run385 Project Analysis,Reconstruction,117088040,68.76000214,3.440000057
386,T7Run386 Project Analysis,Reconstruction,906228544,356.4299927,3.599999905
387,T7Run387 Project Analysis,Reconstruction,903475584,363.230011,3.599999905
388,T7Run388 Project Analysis,Reconstruction,904658304,357.5700073,3.599999905
389,T7Run389 Project Analysis,Reconstruction,881290304,362.769989,3.599999905
390,T7Run390 Project Analysis,Reconstruction,810092096,349.9899902,3.599999905
391,T7Run391 Project Analysis,Reconstruction,752169344,317.269989,3.599999905
392,T7Run392 Project Analysis,Reconstruction,616280896,274.269989,3.599999905
393,T7Run393 Project Analysis,Reconstruction,2606264064,-9999.990234,3.920000076
394,T7Run394 Project Analysis,Reconstruction,2590703104,-9999.990234,3.920000076
395,T7Run395 Project Analysis,Reconstruction,2600177664,-9999.990234,3.920000076
396,T7Run396 Project Analysis,Reconstruction,2520626688,-9999.990234,3.920000076
397,T7Run397 Project Analysis,Reconstruction,2305556736,-9999.990234,3.920000076
398,T7Run398 Project Analysis,Reconstruction,2152897024,-9999.990234,3.920000076
399,T7Run399 Project Analysis,Reconstruction,1763094144,898.4099731,3.920000076
400,T7Run400 Project Analysis,Reconstruction,227965072,134.0500031,3.970000029
401,T7Run401 Project Analysis,Reconstruction,226900560,134.7400055,3.970000029
402,T7Run402 Project Analysis,Reconstruction,227459840,134,3.970000029
403,T7Run403 Project Analysis,Reconstruction,220785600,133.0099945,3.970000029
404,T7Run404 Project Analysis,Reconstruction,201145072,126.1600037,3.970000029
405,T7Run405 Project Analysis,Reconstruction,186270096,116.5400009,3.970000029
406,T7Run406 Project Analysis,Reconstruction,149676688,99.23000336,3.970000029
407,T7Run407 Project Analysis,Reconstruction,1033896384,562.9099731,4.110000134
408,T7Run408 Project Analysis,Reconstruction,1027760768,565.0300293,4.110000134
409,T7Run409 Project Analysis,Reconstruction,1031538880,562.4500122,4.110000134
410,T7Run410 Project Analysis,Reconstruction,999897856,556.289978,4.110000134
411,T7Run411 Project Analysis,Reconstruction,913276416,521.8699951,4.110000134
412,T7Run412 Project Analysis,Reconstruction,852794048,481.1700134,4.110000134
413,T7Run413 Project Analysis,Reconstruction,695791680,400.1799927,4.110000134
414,T7Run414 Project Analysis,Reconstruction,2775362048,-9999.990234,4.449999809
415,T7Run415 Project Analysis,Reconstruction,2754782720,-9999.990234,4.449999809
416,T7Run416 Project Analysis,Reconstruction,2768443136,-9999.990234,4.449999809
417,T7Run417 Project Analysis,Reconstruction,2676181248,-9999.990234,4.449999809
418,T7Run418 Project Analysis,Reconstruction,2440260864,-9999.990234,4.449999809
419,T7Run419 Project Analysis,Reconstruction,2284357888,-9999.990234,4.449999809
420,T7Run420 Project Analysis,Reconstruction,1868889728,-9999.990234,4.449999809
