Run Title,Alternative,NPV,IRR
T2Run1 Project Analysis,Upgrade,16917048.0,50.310001373291016
T2Run1 Project Analysis,Minimum Maintenance (U),0.0,-9999.990234375
T2Run2 Project Analysis,Upgrade,16283774.0,48.959999084472656
T2Run2 Project Analysis,Minimum Maintenance (U),0.0,-9999.990234375
T2Run3 Project Analysis,Upgrade,17399098.0,51.54999923706055
T2Run3 Project Analysis,Minimum Maintenance (U),0.0,-9999.990234375
T2Run4 Project Analysis,Upgrade,16798812.0,50.36000061035156
T2Run4 Project Analysis,Minimum Maintenance (U),0.0,-9999.990234375
T2Run5 Project Analysis,Upgrade,17360448.0,52.040000915527344
T2Run5 Project Analysis,Minimum Maintenance (U),0.0,-9999.990234375
T2Run6 Project Analysis,Upgrade,19772858.0,58.02000045776367
T2Run6 Project Analysis,Minimum Maintenance (U),0.0,-9999.990234375
T2Run7 Project Analysis,Upgrade,22839322.0,66.23999786376953
T2Run7 Project Analysis,Minimum Maintenance (U),0.0,-9999.990234375
T2Run8 Project Analysis,Upgrade,52001564.0,131.80999755859375
T2Run8 Project Analysis,Minimum Maintenance (U),0.0,-9999.990234375
T2Run9 Project Analysis,Upgrade,50377232.0,128.5399932861328
T2Run9 Project Analysis,Minimum Maintenance (U),0.0,-9999.990234375
T2Run10 Project Analysis,Upgrade,53032080.0,133.94000244140625
T2Run10 Project Analysis,Minimum Maintenance (U),0.0,-9999.990234375
T2Run11 Project Analysis,Upgrade,51726332.0,133.8800048828125
T2Run11 Project Analysis,Minimum Maintenance (U),0.0,-9999.990234375
T2Run12 Project Analysis,Upgrade,52745380.0,136.41000366210938
T2Run12 Project Analysis,Minimum Maintenance (U),0.0,-9999.990234375
T2Run13 Project Analysis,Upgrade,58389872.0,148.69000244140625
T2Run13 Project Analysis,Minimum Maintenance (U),0.0,-9999.990234375
T2Run14 Project Analysis,Upgrade,64816264.0,165.94000244140625
T2Run14 Project Analysis,Minimum Maintenance (U),0.0,-9999.990234375
T2Run15 Project Analysis,Upgrade,275168032.0,703.530029296875
T2Run15 Project Analysis,Minimum Maintenance (U),0.0,-9999.990234375
T2Run16 Project Analysis,Upgrade,266911472.0,682.9500122070312
T2Run16 Project Analysis,Minimum Maintenance (U),0.0,-9999.990234375
T2Run17 Project Analysis,Upgrade,280350336.0,716.4500122070312
T2Run17 Project Analysis,Minimum Maintenance (U),0.0,-9999.990234375
T2Run18 Project Analysis,Upgrade,272067296.0,697.6099853515625
T2Run18 Project Analysis,Minimum Maintenance (U),0.0,-9999.990234375
T2Run19 Project Analysis,Upgrade,276695648.0,709.219970703125
T2Run19 Project Analysis,Minimum Maintenance (U),0.0,-9999.990234375
T2Run20 Project Analysis,Upgrade,304815040.0,779.8200073242188
T2Run20 Project Analysis,Minimum Maintenance (U),0.0,-9999.990234375
T2Run21 Project Analysis,Upgrade,332417216.0,849.2999877929688
T2Run21 Project Analysis,Minimum Maintenance (U),0.0,-9999.990234375
T2Run22 Project Analysis,Upgrade,16917048.0,50.310001373291016
T2Run22 Project Analysis,Minimum Maintenance (U),0.0,-9999.990234375
T2Run23 Project Analysis,Upgrade,16283774.0,48.959999084472656
T2Run23 Project Analysis,Minimum Maintenance (U),0.0,-9999.990234375
T2Run24 Project Analysis,Upgrade,17399098.0,51.54999923706055
T2Run24 Project Analysis,Minimum Maintenance (U),0.0,-9999.990234375
T2Run25 Project Analysis,Upgrade,16798812.0,50.36000061035156
T2Run25 Project Analysis,Minimum Maintenance (U),0.0,-9999.990234375
T2Run26 Project Analysis,Upgrade,17360448.0,52.040000915527344
T2Run26 Project Analysis,Minimum Maintenance (U),0.0,-9999.990234375
T2Run27 Project Analysis,Upgrade,19772858.0,58.02000045776367
T2Run27 Project Analysis,Minimum Maintenance (U),0.0,-9999.990234375
T2Run28 Project Analysis,Upgrade,22839322.0,66.23999786376953
T2Run28 Project Analysis,Minimum Maintenance (U),0.0,-9999.990234375
T2Run29 Project Analysis,Upgrade,52001564.0,131.80999755859375
T2Run29 Project Analysis,Minimum Maintenance (U),0.0,-9999.990234375
T2Run30 Project Analysis,Upgrade,50377232.0,128.5399932861328
T2Run30 Project Analysis,Minimum Maintenance (U),0.0,-9999.990234375
T2Run31 Project Analysis,Upgrade,53032080.0,133.94000244140625
T2Run31 Project Analysis,Minimum Maintenance (U),0.0,-9999.990234375
T2Run32 Project Analysis,Upgrade,51726332.0,133.8800048828125
T2Run32 Project Analysis,Minimum Maintenance (U),0.0,-9999.990234375
T2Run33 Project Analysis,Upgrade,52745380.0,136.41000366210938
T2Run33 Project Analysis,Minimum Maintenance (U),0.0,-9999.990234375
T2Run34 Project Analysis,Upgrade,58389872.0,148.69000244140625
T2Run34 Project Analysis,Minimum Maintenance (U),0.0,-9999.990234375
T2Run35 Project Analysis,Upgrade,64816264.0,165.94000244140625
T2Run35 Project Analysis,Minimum Maintenance (U),0.0,-9999.990234375
T2Run36 Project Analysis,Upgrade,275168032.0,703.530029296875
T2Run36 Project Analysis,Minimum Maintenance (U),0.0,-9999.990234375
T2Run37 Project Analysis,Upgrade,266911472.0,682.9500122070312
T2Run37 Project Analysis,Minimum Maintenance (U),0.0,-9999.990234375
T2Run38 Project Analysis,Upgrade,280350336.0,716.4500122070312
T2Run38 Project Analysis,Minimum Maintenance (U),0.0,-9999.990234375
T2Run39 Project Analysis,Upgrade,272067296.0,697.6099853515625
T2Run39 Project Analysis,Minimum Maintenance (U),0.0,-9999.990234375
T2Run40 Project Analysis,Upgrade,276695648.0,709.219970703125
T2Run40 Project Analysis,Minimum Maintenance (U),0.0,-9999.990234375
T2Run41 Project Analysis,Upgrade,304815040.0,779.8200073242188
T2Run41 Project Analysis,Minimum Maintenance (U),0.0,-9999.990234375
T2Run42 Project Analysis,Upgrade,332417216.0,849.2999877929688
T2Run42 Project Analysis,Minimum Maintenance (U),0.0,-9999.990234375
T2Run43 Project Analysis,Upgrade,18620210.0,57.91999816894531
T2Run43 Project Analysis,Minimum Maintenance (U),0.0,-9999.990234375
T2Run44 Project Analysis,Upgrade,17947856.0,56.400001525878906
T2Run44 Project Analysis,Minimum Maintenance (U),0.0,-9999.990234375
T2Run45 Project Analysis,Upgrade,19043326.0,58.86000061035156
T2Run45 Project Analysis,Minimum Maintenance (U),0.0,-9999.990234375
T2Run46 Project Analysis,Upgrade,18387556.0,57.459999084472656
T2Run46 Project Analysis,Minimum Maintenance (U),0.0,-9999.990234375
T2Run47 Project Analysis,Upgrade,18843048.0,58.599998474121094
T2Run47 Project Analysis,Minimum Maintenance (U),0.0,-9999.990234375
T2Run48 Project Analysis,Upgrade,21088016.0,63.5
T2Run48 Project Analysis,Minimum Maintenance (U),0.0,-9999.990234375
T2Run49 Project Analysis,Upgrade,23933344.0,70.87000274658203
T2Run49 Project Analysis,Minimum Maintenance (U),0.0,-9999.990234375
T2Run50 Project Analysis,Upgrade,53840384.0,144.2100067138672
T2Run50 Project Analysis,Minimum Maintenance (U),0.0,-9999.990234375
T2Run51 Project Analysis,Upgrade,52143040.0,140.35000610351562
T2Run51 Project Analysis,Minimum Maintenance (U),0.0,-9999.990234375
T2Run52 Project Analysis,Upgrade,54915408.0,146.69000244140625
T2Run52 Project Analysis,Minimum Maintenance (U),0.0,-9999.990234375
T2Run53 Project Analysis,Upgrade,53226656.0,143.02000427246094
T2Run53 Project Analysis,Minimum Maintenance (U),0.0,-9999.990234375
T2Run54 Project Analysis,Upgrade,54242912.0,145.57000732421875
T2Run54 Project Analysis,Minimum Maintenance (U),0.0,-9999.990234375
T2Run55 Project Analysis,Upgrade,60029348.0,158.75999450683594
T2Run55 Project Analysis,Minimum Maintenance (U),0.0,-9999.990234375
T2Run56 Project Analysis,Upgrade,66253668.0,174.97999572753906
T2Run56 Project Analysis,Minimum Maintenance (U),0.0,-9999.990234375
T2Run57 Project Analysis,Upgrade,275142880.0,708.4099731445312
T2Run57 Project Analysis,Minimum Maintenance (U),0.0,-9999.990234375
T2Run58 Project Analysis,Upgrade,266877600.0,687.7100219726562
T2Run58 Project Analysis,Minimum Maintenance (U),0.0,-9999.990234375
T2Run59 Project Analysis,Upgrade,280329856.0,721.4099731445312
T2Run59 Project Analysis,Minimum Maintenance (U),0.0,-9999.990234375
T2Run60 Project Analysis,Upgrade,271884448.0,700.3900146484375
T2Run60 Project Analysis,Minimum Maintenance (U),0.0,-9999.990234375
T2Run61 Project Analysis,Upgrade,276512160.0,712.0
T2Run61 Project Analysis,Minimum Maintenance (U),0.0,-9999.990234375
T2Run62 Project Analysis,Upgrade,304614560.0,782.4000244140625
T2Run62 Project Analysis,Minimum Maintenance (U),0.0,-9999.990234375
T2Run63 Project Analysis,Upgrade,332194144.0,851.5800170898438
T2Run63 Project Analysis,Minimum Maintenance (U),0.0,-9999.990234375
T2Run64 Project Analysis,Upgrade,19235782.0,59.130001068115234
T2Run64 Project Analysis,Minimum Maintenance (U),0.0,-9999.990234375
T2Run65 Project Analysis,Upgrade,18562636.0,57.689998626708984
T2Run65 Project Analysis,Minimum Maintenance (U),0.0,-9999.990234375
T2Run66 Project Analysis,Upgrade,19665382.0,60.060001373291016
T2Run66 Project Analysis,Minimum Maintenance (U),0.0,-9999.990234375
T2Run67 Project Analysis,Upgrade,18995946.0,58.68000030517578
T2Run67 Project Analysis,Minimum Maintenance (U),0.0,-9999.990234375
T2Run68 Project Analysis,Upgrade,19435710.0,59.77000045776367
T2Run68 Project Analysis,Minimum Maintenance (U),0.0,-9999.990234375
T2Run69 Project Analysis,Upgrade,21719656.0,64.61000061035156
T2Run69 Project Analysis,Minimum Maintenance (U),0.0,-9999.990234375
T2Run70 Project Analysis,Upgrade,24509804.0,71.8499984741211
T2Run70 Project Analysis,Minimum Maintenance (U),0.0,-9999.990234375
T2Run71 Project Analysis,Upgrade,54762656.0,145.75
T2Run71 Project Analysis,Minimum Maintenance (U),0.0,-9999.990234375
T2Run73 Project Analysis,Upgrade,55854380.0,148.22999572753906
T2Run73 Project Analysis,Minimum Maintenance (U),0.0,-9999.990234375
T2Run74 Project Analysis,Upgrade,54097540.0,144.3800048828125
T2Run74 Project Analysis,Minimum Maintenance (U),0.0,-9999.990234375
T2Run75 Project Analysis,Upgrade,55111864.0,146.9199981689453
T2Run75 Project Analysis,Minimum Maintenance (U),0.0,-9999.990234375
T2Run77 Project Analysis,Upgrade,67161056.0,176.1699981689453
T2Run77 Project Analysis,Minimum Maintenance (U),0.0,-9999.990234375
T2Run78 Project Analysis,Upgrade,276879392.0,708.6300048828125
T2Run78 Project Analysis,Minimum Maintenance (U),0.0,-9999.990234375
T2Run80 Project Analysis,Upgrade,282101344.0,721.6199951171875
T2Run80 Project Analysis,Minimum Maintenance (U),0.0,-9999.990234375
T2Run81 Project Analysis,Upgrade,273569344.0,700.47998046875
T2Run81 Project Analysis,Minimum Maintenance (U),0.0,-9999.990234375
T2Run82 Project Analysis,Upgrade,278193120.0,712.0900268554688
T2Run82 Project Analysis,Minimum Maintenance (U),0.0,-9999.990234375
T2Run83 Project Analysis,Upgrade,306508704.0,782.489990234375
T2Run83 Project Analysis,Minimum Maintenance (U),0.0,-9999.990234375
T2Run84 Project Analysis,Upgrade,333997600.0,851.6599731445312
T2Run84 Project Analysis,Minimum Maintenance (U),0.0,-9999.990234375
T2Run85 Project Analysis,Upgrade,18161286.0,57.369998931884766
T2Run85 Project Analysis,Minimum Maintenance (U),0.0,-9999.990234375
T2Run86 Project Analysis,Upgrade,17597884.0,56.150001525878906
T2Run86 Project Analysis,Minimum Maintenance (U),0.0,-9999.990234375
T2Run87 Project Analysis,Upgrade,18532768.0,58.18000030517578
T2Run87 Project Analysis,Minimum Maintenance (U),0.0,-9999.990234375
T2Run88 Project Analysis,Upgrade,17992588.0,57.060001373291016
T2Run88 Project Analysis,Minimum Maintenance (U),0.0,-9999.990234375
T2Run89 Project Analysis,Upgrade,18440862.0,58.189998626708984
T2Run89 Project Analysis,Minimum Maintenance (U),0.0,-9999.990234375
T2Run90 Project Analysis,Upgrade,20369824.0,62.290000915527344
T2Run90 Project Analysis,Minimum Maintenance (U),0.0,-9999.990234375
T2Run91 Project Analysis,Upgrade,23498944.0,70.2699966430664
T2Run91 Project Analysis,Minimum Maintenance (U),0.0,-9999.990234375
T2Run92 Project Analysis,Upgrade,51549256.0,139.3300018310547
T2Run92 Project Analysis,Minimum Maintenance (U),0.0,-9999.990234375
T2Run93 Project Analysis,Upgrade,50094564.0,136.07000732421875
T2Run93 Project Analysis,Minimum Maintenance (U),0.0,-9999.990234375
T2Run94 Project Analysis,Upgrade,52494268.0,141.49000549316406
T2Run94 Project Analysis,Minimum Maintenance (U),0.0,-9999.990234375
T2Run95 Project Analysis,Upgrade,51061872.0,138.35000610351562
T2Run95 Project Analysis,Minimum Maintenance (U),0.0,-9999.990234375
T2Run96 Project Analysis,Upgrade,52093144.0,140.94000244140625
T2Run96 Project Analysis,Minimum Maintenance (U),0.0,-9999.990234375
T2Run97 Project Analysis,Upgrade,57087092.0,152.19000244140625
T2Run97 Project Analysis,Minimum Maintenance (U),0.0,-9999.990234375
T2Run98 Project Analysis,Upgrade,64190504.0,170.38999938964844
T2Run98 Project Analysis,Minimum Maintenance (U),0.0,-9999.990234375
T2Run99 Project Analysis,Upgrade,260594192.0,668.3699951171875
T2Run99 Project Analysis,Minimum Maintenance (U),0.0,-9999.990234375
T2Run100 Project Analysis,Upgrade,253575696.0,650.9199829101562
T2Run100 Project Analysis,Minimum Maintenance (U),0.0,-9999.990234375
T2Run101 Project Analysis,Upgrade,265112384.0,679.6199951171875
T2Run101 Project Analysis,Minimum Maintenance (U),0.0,-9999.990234375
T2Run102 Project Analysis,Upgrade,258132720.0,662.2999877929688
T2Run102 Project Analysis,Minimum Maintenance (U),0.0,-9999.990234375
T2Run103 Project Analysis,Upgrade,262837664.0,674.0999755859375
T2Run103 Project Analysis,Minimum Maintenance (U),0.0,-9999.990234375
T2Run104 Project Analysis,Upgrade,286859648.0,733.8400268554688
T2Run104 Project Analysis,Minimum Maintenance (U),0.0,-9999.990234375
T2Run105 Project Analysis,Upgrade,319119040.0,815.0499877929688
T2Run105 Project Analysis,Minimum Maintenance (U),0.0,-9999.990234375
T2Run106 Project Analysis,Upgrade,19626246.0,54.08000183105469
T2Run106 Project Analysis,Minimum Maintenance (U),0.0,-9999.990234375
T2Run107 Project Analysis,Upgrade,18918662.0,52.66999816894531
T2Run107 Project Analysis,Minimum Maintenance (U),0.0,-9999.990234375
T2Run108 Project Analysis,Upgrade,20155068.0,55.380001068115234
T2Run108 Project Analysis,Minimum Maintenance (U),0.0,-9999.990234375
T2Run109 Project Analysis,Upgrade,19481930.0,54.119998931884766
T2Run109 Project Analysis,Minimum Maintenance (U),0.0,-9999.990234375
T2Run110 Project Analysis,Upgrade,20096010.0,55.90999984741211
T2Run110 Project Analysis,Minimum Maintenance (U),0.0,-9999.990234375
T2Run111 Project Analysis,Upgrade,22775404.0,62.209999084472656
T2Run111 Project Analysis,Minimum Maintenance (U),0.0,-9999.990234375
T2Run112 Project Analysis,Upgrade,26130974.0,70.7699966430664
T2Run112 Project Analysis,Minimum Maintenance (U),0.0,-9999.990234375
T2Run113 Project Analysis,Upgrade,58543764.0,139.9499969482422
T2Run113 Project Analysis,Minimum Maintenance (U),0.0,-9999.990234375
T2Run114 Project Analysis,Upgrade,56728504.0,136.49000549316406
T2Run114 Project Analysis,Minimum Maintenance (U),0.0,-9999.990234375
T2Run115 Project Analysis,Upgrade,59695040.0,142.1999969482422
T2Run115 Project Analysis,Minimum Maintenance (U),0.0,-9999.990234375
T2Run116 Project Analysis,Upgrade,58216632.0,142.22999572753906
T2Run116 Project Analysis,Minimum Maintenance (U),0.0,-9999.990234375
T2Run117 Project Analysis,Upgrade,59344720.0,144.8800048828125
T2Run117 Project Analysis,Minimum Maintenance (U),0.0,-9999.990234375
T2Run118 Project Analysis,Upgrade,65646948.0,157.8699951171875
T2Run118 Project Analysis,Minimum Maintenance (U),0.0,-9999.990234375
T2Run119 Project Analysis,Upgrade,72725968.0,175.9499969482422
T2Run119 Project Analysis,Minimum Maintenance (U),0.0,-9999.990234375
T2Run120 Project Analysis,Upgrade,305374400.0,740.7899780273438
T2Run120 Project Analysis,Minimum Maintenance (U),0.0,-9999.990234375
T2Run121 Project Analysis,Upgrade,296224128.0,719.1400146484375
T2Run121 Project Analysis,Minimum Maintenance (U),0.0,-9999.990234375
T2Run122 Project Analysis,Upgrade,311117408.0,754.3800048828125
T2Run122 Project Analysis,Minimum Maintenance (U),0.0,-9999.990234375
T2Run123 Project Analysis,Upgrade,301923904.0,734.5499877929688
T2Run123 Project Analysis,Minimum Maintenance (U),0.0,-9999.990234375
T2Run124 Project Analysis,Upgrade,307051904.0,746.75
T2Run124 Project Analysis,Minimum Maintenance (U),0.0,-9999.990234375
T2Run125 Project Analysis,Upgrade,338208512.0,820.97998046875
T2Run125 Project Analysis,Minimum Maintenance (U),0.0,-9999.990234375
T2Run126 Project Analysis,Upgrade,368786080.0,893.9500122070312
T2Run126 Project Analysis,Minimum Maintenance (U),0.0,-9999.990234375
T2Run128 Project Analysis,Upgrade,18918662.0,52.66999816894531
T2Run128 Project Analysis,Minimum Maintenance (U),0.0,-9999.990234375
T2Run129 Project Analysis,Upgrade,20155068.0,55.380001068115234
T2Run129 Project Analysis,Minimum Maintenance (U),0.0,-9999.990234375
T2Run130 Project Analysis,Upgrade,19481930.0,54.119998931884766
T2Run130 Project Analysis,Minimum Maintenance (U),0.0,-9999.990234375
T2Run131 Project Analysis,Upgrade,20096010.0,55.90999984741211
T2Run131 Project Analysis,Minimum Maintenance (U),0.0,-9999.990234375
T2Run132 Project Analysis,Upgrade,22775404.0,62.209999084472656
T2Run132 Project Analysis,Minimum Maintenance (U),0.0,-9999.990234375
T2Run133 Project Analysis,Upgrade,26130974.0,70.7699966430664
T2Run133 Project Analysis,Minimum Maintenance (U),0.0,-9999.990234375
T2Run134 Project Analysis,Upgrade,58543764.0,139.9499969482422
T2Run134 Project Analysis,Minimum Maintenance (U),0.0,-9999.990234375
T2Run135 Project Analysis,Upgrade,56728504.0,136.49000549316406
T2Run135 Project Analysis,Minimum Maintenance (U),0.0,-9999.990234375
T2Run136 Project Analysis,Upgrade,59695040.0,142.1999969482422
T2Run136 Project Analysis,Minimum Maintenance (U),0.0,-9999.990234375
T2Run137 Project Analysis,Upgrade,58216632.0,142.22999572753906
T2Run137 Project Analysis,Minimum Maintenance (U),0.0,-9999.990234375
T2Run138 Project Analysis,Upgrade,59344720.0,144.8800048828125
T2Run138 Project Analysis,Minimum Maintenance (U),0.0,-9999.990234375
T2Run139 Project Analysis,Upgrade,65646948.0,157.8699951171875
T2Run139 Project Analysis,Minimum Maintenance (U),0.0,-9999.990234375
T2Run140 Project Analysis,Upgrade,72725968.0,175.9499969482422
T2Run140 Project Analysis,Minimum Maintenance (U),0.0,-9999.990234375
T2Run141 Project Analysis,Upgrade,305374400.0,740.7899780273438
T2Run141 Project Analysis,Minimum Maintenance (U),0.0,-9999.990234375
T2Run142 Project Analysis,Upgrade,296224128.0,719.1400146484375
T2Run142 Project Analysis,Minimum Maintenance (U),0.0,-9999.990234375
T2Run143 Project Analysis,Upgrade,311117408.0,754.3800048828125
T2Run143 Project Analysis,Minimum Maintenance (U),0.0,-9999.990234375
T2Run145 Project Analysis,Upgrade,307051904.0,746.75
T2Run145 Project Analysis,Minimum Maintenance (U),0.0,-9999.990234375
T2Run146 Project Analysis,Upgrade,338208512.0,820.97998046875
T2Run146 Project Analysis,Minimum Maintenance (U),0.0,-9999.990234375
T2Run147 Project Analysis,Upgrade,368786080.0,893.9500122070312
T2Run147 Project Analysis,Minimum Maintenance (U),0.0,-9999.990234375
T2Run148 Project Analysis,Upgrade,21379796.0,61.97999954223633
T2Run148 Project Analysis,Minimum Maintenance (U),0.0,-9999.990234375
T2Run150 Project Analysis,Upgrade,21853022.0,62.970001220703125
T2Run150 Project Analysis,Minimum Maintenance (U),0.0,-9999.990234375
T2Run151 Project Analysis,Upgrade,21117216.0,61.5
T2Run151 Project Analysis,Minimum Maintenance (U),0.0,-9999.990234375
T2Run152 Project Analysis,Upgrade,21620694.0,62.70000076293945
T2Run152 Project Analysis,Minimum Maintenance (U),0.0,-9999.990234375
T2Run153 Project Analysis,Upgrade,24133630.0,67.8499984741211
T2Run153 Project Analysis,Minimum Maintenance (U),0.0,-9999.990234375
T2Run154 Project Analysis,Upgrade,27268296.0,75.5999984741211
T2Run154 Project Analysis,Minimum Maintenance (U),0.0,-9999.990234375
T2Run155 Project Analysis,Upgrade,60414236.0,152.8699951171875
T2Run155 Project Analysis,Minimum Maintenance (U),0.0,-9999.990234375
T2Run156 Project Analysis,Upgrade,58523228.0,148.7899932861328
T2Run156 Project Analysis,Minimum Maintenance (U),0.0,-9999.990234375
T2Run157 Project Analysis,Upgrade,61610872.0,155.49000549316406
T2Run157 Project Analysis,Minimum Maintenance (U),0.0,-9999.990234375
T2Run158 Project Analysis,Upgrade,59725308.0,151.61000061035156
T2Run158 Project Analysis,Minimum Maintenance (U),0.0,-9999.990234375
T2Run159 Project Analysis,Upgrade,60850652.0,154.27999877929688
T2Run159 Project Analysis,Minimum Maintenance (U),0.0,-9999.990234375
T2Run160 Project Analysis,Upgrade,67295680.0,168.22000122070312
T2Run160 Project Analysis,Minimum Maintenance (U),0.0,-9999.990234375
T2Run161 Project Analysis,Upgrade,74170320.0,185.24000549316406
T2Run161 Project Analysis,Minimum Maintenance (U),0.0,-9999.990234375
T2Run162 Project Analysis,Upgrade,305129088.0,745.6199951171875
T2Run162 Project Analysis,Minimum Maintenance (U),0.0,-9999.990234375
T2Run163 Project Analysis,Upgrade,295970944.0,723.8499755859375
T2Run163 Project Analysis,Minimum Maintenance (U),0.0,-9999.990234375
T2Run164 Project Analysis,Upgrade,310876384.0,759.280029296875
T2Run164 Project Analysis,Minimum Maintenance (U),0.0,-9999.990234375
T2Run166 Project Analysis,Upgrade,306643808.0,749.3699951171875
T2Run166 Project Analysis,Minimum Maintenance (U),0.0,-9999.990234375
T2Run168 Project Analysis,Upgrade,368339008.0,896.0700073242188
T2Run168 Project Analysis,Minimum Maintenance (U),0.0,-9999.990234375
T2Run169 Project Analysis,Upgrade,22067808.0,63.25
T2Run169 Project Analysis,Minimum Maintenance (U),0.0,-9999.990234375
T2Run170 Project Analysis,Upgrade,21312916.0,61.720001220703125
T2Run170 Project Analysis,Minimum Maintenance (U),0.0,-9999.990234375
T2Run171 Project Analysis,Upgrade,22548498.0,64.2300033569336
T2Run171 Project Analysis,Minimum Maintenance (U),0.0,-9999.990234375
T2Run172 Project Analysis,Upgrade,21796000.0,62.7599983215332
T2Run172 Project Analysis,Minimum Maintenance (U),0.0,-9999.990234375
T2Run173 Project Analysis,Upgrade,22282966.0,63.900001525878906
T2Run173 Project Analysis,Minimum Maintenance (U),0.0,-9999.990234375
T2Run174 Project Analysis,Upgrade,24843812.0,69.01000213623047
T2Run174 Project Analysis,Minimum Maintenance (U),0.0,-9999.990234375
T2Run175 Project Analysis,Upgrade,27919102.0,76.62000274658203
T2Run175 Project Analysis,Minimum Maintenance (U),0.0,-9999.990234375
T2Run176 Project Analysis,Upgrade,61439848.0,154.4499969482422
T2Run176 Project Analysis,Minimum Maintenance (U),0.0,-9999.990234375
T2Run177 Project Analysis,Upgrade,59513300.0,150.3699951171875
T2Run177 Project Analysis,Minimum Maintenance (U),0.0,-9999.990234375
T2Run178 Project Analysis,Upgrade,62655624.0,157.05999755859375
T2Run178 Project Analysis,Minimum Maintenance (U),0.0,-9999.990234375
T2Run179 Project Analysis,Upgrade,60695428.0,152.99000549316406
T2Run179 Project Analysis,Minimum Maintenance (U),0.0,-9999.990234375
T2Run180 Project Analysis,Upgrade,61818580.0,155.6699981689453
T2Run180 Project Analysis,Minimum Maintenance (U),0.0,-9999.990234375
T2Run181 Project Analysis,Upgrade,68380616.0,169.6199951171875
T2Run181 Project Analysis,Minimum Maintenance (U),0.0,-9999.990234375
T2Run182 Project Analysis,Upgrade,75185056.0,186.4499969482422
T2Run182 Project Analysis,Minimum Maintenance (U),0.0,-9999.990234375
T2Run183 Project Analysis,Upgrade,307118048.0,745.8200073242188
T2Run183 Project Analysis,Minimum Maintenance (U),0.0,-9999.990234375
T2Run184 Project Analysis,Upgrade,297892544.0,724.0499877929688
T2Run184 Project Analysis,Minimum Maintenance (U),0.0,-9999.990234375
T2Run185 Project Analysis,Upgrade,312901504.0,759.47998046875
T2Run185 Project Analysis,Minimum Maintenance (U),0.0,-9999.990234375
T2Run186 Project Analysis,Upgrade,303452864.0,737.25
T2Run186 Project Analysis,Minimum Maintenance (U),0.0,-9999.990234375
T2Run187 Project Analysis,Upgrade,308576160.0,749.4500122070312
T2Run187 Project Analysis,Minimum Maintenance (U),0.0,-9999.990234375
T2Run188 Project Analysis,Upgrade,339934656.0,823.4500122070312
T2Run188 Project Analysis,Minimum Maintenance (U),0.0,-9999.990234375
T2Run189 Project Analysis,Upgrade,370398848.0,896.1400146484375
T2Run189 Project Analysis,Minimum Maintenance (U),0.0,-9999.990234375
T2Run190 Project Analysis,Upgrade,20840650.0,61.369998931884766
T2Run190 Project Analysis,Minimum Maintenance (U),0.0,-9999.990234375
T2Run191 Project Analysis,Upgrade,20208624.0,60.08000183105469
T2Run191 Project Analysis,Minimum Maintenance (U),0.0,-9999.990234375
T2Run192 Project Analysis,Upgrade,21256284.0,62.22999954223633
T2Run192 Project Analysis,Minimum Maintenance (U),0.0,-9999.990234375
T2Run193 Project Analysis,Upgrade,20648776.0,61.040000915527344
T2Run193 Project Analysis,Minimum Maintenance (U),0.0,-9999.990234375
T2Run194 Project Analysis,Upgrade,21144702.0,62.22999954223633
T2Run194 Project Analysis,Minimum Maintenance (U),0.0,-9999.990234375
T2Run195 Project Analysis,Upgrade,23308522.0,66.55000305175781
T2Run195 Project Analysis,Minimum Maintenance (U),0.0,-9999.990234375
T2Run196 Project Analysis,Upgrade,26764632.0,74.93000030517578
T2Run196 Project Analysis,Minimum Maintenance (U),0.0,-9999.990234375
T2Run197 Project Analysis,Upgrade,57836432.0,147.6300048828125
T2Run197 Project Analysis,Minimum Maintenance (U),0.0,-9999.990234375
T2Run198 Project Analysis,Upgrade,56214872.0,144.17999267578125
T2Run198 Project Analysis,Minimum Maintenance (U),0.0,-9999.990234375
T2Run199 Project Analysis,Upgrade,58888700.0,149.89999389648438
T2Run199 Project Analysis,Minimum Maintenance (U),0.0,-9999.990234375
T2Run200 Project Analysis,Upgrade,57290076.0,146.58999633789062
T2Run200 Project Analysis,Minimum Maintenance (U),0.0,-9999.990234375
T2Run201 Project Analysis,Upgrade,58432104.0,149.30999755859375
T2Run201 Project Analysis,Minimum Maintenance (U),0.0,-9999.990234375
T2Run202 Project Analysis,Upgrade,63996996.0,161.17999267578125
T2Run202 Project Analysis,Minimum Maintenance (U),0.0,-9999.990234375
T2Run203 Project Analysis,Upgrade,71854992.0,180.3000030517578
T2Run203 Project Analysis,Minimum Maintenance (U),0.0,-9999.990234375
T2Run204 Project Analysis,Upgrade,289086016.0,703.489990234375
T2Run204 Project Analysis,Minimum Maintenance (U),0.0,-9999.990234375
T2Run206 Project Analysis,Upgrade,294090176.0,715.3099975585938
T2Run206 Project Analysis,Minimum Maintenance (U),0.0,-9999.990234375
T2Run207 Project Analysis,Upgrade,286361280.0,697.1099853515625
T2Run207 Project Analysis,Minimum Maintenance (U),0.0,-9999.990234375
T2Run208 Project Analysis,Upgrade,291574528.0,709.510009765625
T2Run208 Project Analysis,Minimum Maintenance (U),0.0,-9999.990234375
T2Run209 Project Analysis,Upgrade,318178272.0,772.3099975585938
T2Run209 Project Analysis,Minimum Maintenance (U),0.0,-9999.990234375
T2Run210 Project Analysis,Upgrade,353930560.0,857.6599731445312
T2Run210 Project Analysis,Minimum Maintenance (U),0.0,-9999.990234375
T2Run211 Project Analysis,Upgrade,26094520.0,62.029998779296875
T2Run211 Project Analysis,Minimum Maintenance (U),0.0,-9999.990234375
T2Run212 Project Analysis,Upgrade,25209398.0,60.45000076293945
T2Run212 Project Analysis,Minimum Maintenance (U),0.0,-9999.990234375
T2Run213 Project Analysis,Upgrade,26735064.0,63.43000030517578
T2Run213 Project Analysis,Minimum Maintenance (U),0.0,-9999.990234375
T2Run214 Project Analysis,Upgrade,25881414.0,62.0099983215332
T2Run214 Project Analysis,Minimum Maintenance (U),0.0,-9999.990234375
T2Run215 Project Analysis,Upgrade,26620214.0,64.0199966430664
T2Run215 Project Analysis,Minimum Maintenance (U),0.0,-9999.990234375
T2Run216 Project Analysis,Upgrade,29940278.0,71.0199966430664
T2Run216 Project Analysis,Minimum Maintenance (U),0.0,-9999.990234375
T2Run217 Project Analysis,Upgrade,33976048.0,80.30999755859375
T2Run217 Project Analysis,Minimum Maintenance (U),0.0,-9999.990234375
T2Run218 Project Analysis,Upgrade,74048304.0,157.17999267578125
T2Run218 Project Analysis,Minimum Maintenance (U),0.0,-9999.990234375
T2Run219 Project Analysis,Upgrade,71779488.0,153.32000732421875
T2Run219 Project Analysis,Minimum Maintenance (U),0.0,-9999.990234375
T2Run220 Project Analysis,Upgrade,75486328.0,159.69000244140625
T2Run220 Project Analysis,Minimum Maintenance (U),0.0,-9999.990234375
T2Run221 Project Analysis,Upgrade,73592584.0,159.91000366210938
T2Run221 Project Analysis,Minimum Maintenance (U),0.0,-9999.990234375
T2Run222 Project Analysis,Upgrade,74978632.0,162.83999633789062
T2Run222 Project Analysis,Minimum Maintenance (U),0.0,-9999.990234375
T2Run223 Project Analysis,Upgrade,82841544.0,177.35000610351562
T2Run223 Project Analysis,Minimum Maintenance (U),0.0,-9999.990234375
T2Run224 Project Analysis,Upgrade,91504872.0,197.4600067138672
T2Run224 Project Analysis,Minimum Maintenance (U),0.0,-9999.990234375
T2Run225 Project Analysis,Upgrade,376622720.0,819.719970703125
T2Run225 Project Analysis,Minimum Maintenance (U),0.0,-9999.990234375
T2Run226 Project Analysis,Upgrade,365358304.0,795.8099975585938
T2Run226 Project Analysis,Minimum Maintenance (U),0.0,-9999.990234375
T2Run227 Project Analysis,Upgrade,383692224.0,834.72998046875
T2Run227 Project Analysis,Minimum Maintenance (U),0.0,-9999.990234375
T2Run228 Project Analysis,Upgrade,372343136.0,812.7899780273438
T2Run228 Project Analysis,Minimum Maintenance (U),0.0,-9999.990234375
T2Run229 Project Analysis,Upgrade,378653472.0,826.239990234375
T2Run229 Project Analysis,Minimum Maintenance (U),0.0,-9999.990234375
T2Run230 Project Analysis,Upgrade,416995328.0,-9999.990234375
T2Run230 Project Analysis,Minimum Maintenance (U),0.0,-9999.990234375
T2Run231 Project Analysis,Upgrade,454614752.0,-9999.990234375
T2Run231 Project Analysis,Minimum Maintenance (U),0.0,-9999.990234375
T2Run232 Project Analysis,Upgrade,26094520.0,62.029998779296875
T2Run232 Project Analysis,Minimum Maintenance (U),0.0,-9999.990234375
T2Run233 Project Analysis,Upgrade,25209398.0,60.45000076293945
T2Run233 Project Analysis,Minimum Maintenance (U),0.0,-9999.990234375
T2Run235 Project Analysis,Upgrade,25881414.0,62.0099983215332
T2Run235 Project Analysis,Minimum Maintenance (U),0.0,-9999.990234375
T2Run237 Project Analysis,Upgrade,29940278.0,71.0199966430664
T2Run237 Project Analysis,Minimum Maintenance (U),0.0,-9999.990234375
T2Run238 Project Analysis,Upgrade,33976048.0,80.30999755859375
T2Run238 Project Analysis,Minimum Maintenance (U),0.0,-9999.990234375
T2Run239 Project Analysis,Upgrade,74048304.0,157.17999267578125
T2Run239 Project Analysis,Minimum Maintenance (U),0.0,-9999.990234375
T2Run240 Project Analysis,Upgrade,71779488.0,153.32000732421875
T2Run240 Project Analysis,Minimum Maintenance (U),0.0,-9999.990234375
T2Run241 Project Analysis,Upgrade,75486328.0,159.69000244140625
T2Run241 Project Analysis,Minimum Maintenance (U),0.0,-9999.990234375
T2Run242 Project Analysis,Upgrade,73592584.0,159.91000366210938
T2Run242 Project Analysis,Minimum Maintenance (U),0.0,-9999.990234375
T2Run243 Project Analysis,Upgrade,74978632.0,162.83999633789062
T2Run243 Project Analysis,Minimum Maintenance (U),0.0,-9999.990234375
T2Run244 Project Analysis,Upgrade,82841544.0,177.35000610351562
T2Run244 Project Analysis,Minimum Maintenance (U),0.0,-9999.990234375
T2Run245 Project Analysis,Upgrade,91504872.0,197.4600067138672
T2Run245 Project Analysis,Minimum Maintenance (U),0.0,-9999.990234375
T2Run246 Project Analysis,Upgrade,376622720.0,819.719970703125
T2Run246 Project Analysis,Minimum Maintenance (U),0.0,-9999.990234375
T2Run247 Project Analysis,Upgrade,365358304.0,795.8099975585938
T2Run247 Project Analysis,Minimum Maintenance (U),0.0,-9999.990234375
T2Run248 Project Analysis,Upgrade,383692224.0,834.72998046875
T2Run248 Project Analysis,Minimum Maintenance (U),0.0,-9999.990234375
T2Run249 Project Analysis,Upgrade,372343136.0,812.7899780273438
T2Run249 Project Analysis,Minimum Maintenance (U),0.0,-9999.990234375
T2Run250 Project Analysis,Upgrade,378653472.0,826.239990234375
T2Run250 Project Analysis,Minimum Maintenance (U),0.0,-9999.990234375
T2Run251 Project Analysis,Upgrade,416995328.0,-9999.990234375
T2Run251 Project Analysis,Minimum Maintenance (U),0.0,-9999.990234375
T2Run252 Project Analysis,Upgrade,454614752.0,-9999.990234375
T2Run252 Project Analysis,Minimum Maintenance (U),0.0,-9999.990234375
T2Run253 Project Analysis,Upgrade,27942470.0,70.5199966430664
T2Run253 Project Analysis,Minimum Maintenance (U),0.0,-9999.990234375
T2Run254 Project Analysis,Upgrade,27012560.0,68.80999755859375
T2Run254 Project Analysis,Minimum Maintenance (U),0.0,-9999.990234375
T2Run255 Project Analysis,Upgrade,28535488.0,71.62000274658203
T2Run255 Project Analysis,Minimum Maintenance (U),0.0,-9999.990234375
T2Run256 Project Analysis,Upgrade,27607682.0,69.95999908447266
T2Run256 Project Analysis,Minimum Maintenance (U),0.0,-9999.990234375
T2Run257 Project Analysis,Upgrade,28224262.0,71.29000091552734
T2Run257 Project Analysis,Minimum Maintenance (U),0.0,-9999.990234375
T2Run258 Project Analysis,Upgrade,31378736.0,77.01000213623047
T2Run258 Project Analysis,Minimum Maintenance (U),0.0,-9999.990234375
T2Run259 Project Analysis,Upgrade,35193072.0,85.52999877929688
T2Run259 Project Analysis,Minimum Maintenance (U),0.0,-9999.990234375
T2Run260 Project Analysis,Upgrade,75964472.0,171.17999267578125
T2Run260 Project Analysis,Minimum Maintenance (U),0.0,-9999.990234375
T2Run261 Project Analysis,Upgrade,73614392.0,166.63999938964844
T2Run261 Project Analysis,Minimum Maintenance (U),0.0,-9999.990234375
T2Run262 Project Analysis,Upgrade,77449400.0,174.0800018310547
T2Run262 Project Analysis,Minimum Maintenance (U),0.0,-9999.990234375
T2Run263 Project Analysis,Upgrade,75096520.0,169.75999450683594
T2Run263 Project Analysis,Minimum Maintenance (U),0.0,-9999.990234375
T2Run264 Project Analysis,Upgrade,76479976.0,172.7100067138672
T2Run264 Project Analysis,Minimum Maintenance (U),0.0,-9999.990234375
T2Run265 Project Analysis,Upgrade,84486256.0,188.22999572753906
T2Run265 Project Analysis,Minimum Maintenance (U),0.0,-9999.990234375
T2Run266 Project Analysis,Upgrade,92897816.0,206.9199981689453
T2Run266 Project Analysis,Minimum Maintenance (U),0.0,-9999.990234375
T2Run267 Project Analysis,Upgrade,375319552.0,824.4500122070312
T2Run267 Project Analysis,Minimum Maintenance (U),0.0,-9999.990234375
T2Run268 Project Analysis,Upgrade,364048768.0,800.4400024414062
T2Run268 Project Analysis,Minimum Maintenance (U),0.0,-9999.990234375
T2Run269 Project Analysis,Upgrade,382392576.0,839.52001953125
T2Run269 Project Analysis,Minimum Maintenance (U),0.0,-9999.990234375
T2Run270 Project Analysis,Upgrade,370868896.0,815.0900268554688
T2Run270 Project Analysis,Minimum Maintenance (U),0.0,-9999.990234375
T2Run272 Project Analysis,Upgrade,415500032.0,-9999.990234375
T2Run272 Project Analysis,Minimum Maintenance (U),0.0,-9999.990234375
T2Run273 Project Analysis,Upgrade,453102560.0,-9999.990234375
T2Run273 Project Analysis,Minimum Maintenance (U),0.0,-9999.990234375
T2Run274 Project Analysis,Upgrade,28798646.0,71.87000274658203
T2Run274 Project Analysis,Minimum Maintenance (U),0.0,-9999.990234375
T2Run275 Project Analysis,Upgrade,27848428.0,70.18000030517578
T2Run275 Project Analysis,Minimum Maintenance (U),0.0,-9999.990234375
T2Run276 Project Analysis,Upgrade,29401868.0,72.95999908447266
T2Run276 Project Analysis,Minimum Maintenance (U),0.0,-9999.990234375
T2Run277 Project Analysis,Upgrade,28449842.0,71.33000183105469
T2Run277 Project Analysis,Minimum Maintenance (U),0.0,-9999.990234375
T2Run278 Project Analysis,Upgrade,29047698.0,72.58999633789062
T2Run278 Project Analysis,Minimum Maintenance (U),0.0,-9999.990234375
T2Run279 Project Analysis,Upgrade,32272452.0,78.26000213623047
T2Run279 Project Analysis,Minimum Maintenance (U),0.0,-9999.990234375
T2Run280 Project Analysis,Upgrade,36017716.0,86.62999725341797
T2Run280 Project Analysis,Minimum Maintenance (U),0.0,-9999.990234375
T2Run281 Project Analysis,Upgrade,77212392.0,172.8300018310547
T2Run281 Project Analysis,Minimum Maintenance (U),0.0,-9999.990234375
T2Run282 Project Analysis,Upgrade,74817408.0,168.2899932861328
T2Run282 Project Analysis,Minimum Maintenance (U),0.0,-9999.990234375
T2Run283 Project Analysis,Upgrade,78721464.0,175.74000549316406
T2Run283 Project Analysis,Minimum Maintenance (U),0.0,-9999.990234375
T2Run284 Project Analysis,Upgrade,76280640.0,171.1999969482422
T2Run284 Project Analysis,Minimum Maintenance (U),0.0,-9999.990234375
T2Run285 Project Analysis,Upgrade,77661296.0,174.14999389648438
T2Run285 Project Analysis,Minimum Maintenance (U),0.0,-9999.990234375
T2Run286 Project Analysis,Upgrade,85815160.0,189.67999267578125
T2Run286 Project Analysis,Minimum Maintenance (U),0.0,-9999.990234375
T2Run287 Project Analysis,Upgrade,94140688.0,208.17999267578125
T2Run287 Project Analysis,Minimum Maintenance (U),0.0,-9999.990234375
T2Run288 Project Analysis,Upgrade,378404320.0,824.6300048828125
T2Run288 Project Analysis,Minimum Maintenance (U),0.0,-9999.990234375
T2Run289 Project Analysis,Upgrade,367063360.0,800.6199951171875
T2Run289 Project Analysis,Minimum Maintenance (U),0.0,-9999.990234375
T2Run290 Project Analysis,Upgrade,385514976.0,839.7000122070312
T2Run290 Project Analysis,Minimum Maintenance (U),0.0,-9999.990234375
T2Run291 Project Analysis,Upgrade,373900352.0,815.1599731445312
T2Run291 Project Analysis,Minimum Maintenance (U),0.0,-9999.990234375
T2Run292 Project Analysis,Upgrade,380205920.0,828.6199951171875
T2Run292 Project Analysis,Minimum Maintenance (U),0.0,-9999.990234375
T2Run293 Project Analysis,Upgrade,418756704.0,-9999.990234375
T2Run293 Project Analysis,Minimum Maintenance (U),0.0,-9999.990234375
T2Run294 Project Analysis,Upgrade,456257472.0,-9999.990234375
T2Run294 Project Analysis,Minimum Maintenance (U),0.0,-9999.990234375
T2Run295 Project Analysis,Upgrade,27201420.0,69.75
T2Run295 Project Analysis,Minimum Maintenance (U),0.0,-9999.990234375
T2Run296 Project Analysis,Upgrade,26405022.0,68.31999969482422
T2Run296 Project Analysis,Minimum Maintenance (U),0.0,-9999.990234375
T2Run297 Project Analysis,Upgrade,27722646.0,70.69000244140625
T2Run297 Project Analysis,Minimum Maintenance (U),0.0,-9999.990234375
T2Run298 Project Analysis,Upgrade,26952900.0,69.38999938964844
T2Run298 Project Analysis,Minimum Maintenance (U),0.0,-9999.990234375
T2Run299 Project Analysis,Upgrade,27561786.0,70.69000244140625
T2Run299 Project Analysis,Minimum Maintenance (U),0.0,-9999.990234375
T2Run300 Project Analysis,Upgrade,30288248.0,75.48999786376953
T2Run300 Project Analysis,Minimum Maintenance (U),0.0,-9999.990234375
T2Run302 Project Analysis,Upgrade,72686488.0,165.14999389648438
T2Run302 Project Analysis,Minimum Maintenance (U),0.0,-9999.990234375
T2Run303 Project Analysis,Upgrade,70670424.0,161.30999755859375
T2Run303 Project Analysis,Minimum Maintenance (U),0.0,-9999.990234375
T2Run304 Project Analysis,Upgrade,73992368.0,167.67999267578125
T2Run304 Project Analysis,Minimum Maintenance (U),0.0,-9999.990234375
T2Run305 Project Analysis,Upgrade,72000816.0,163.97999572753906
T2Run305 Project Analysis,Minimum Maintenance (U),0.0,-9999.990234375
T2Run306 Project Analysis,Upgrade,73404936.0,166.97999572753906
T2Run306 Project Analysis,Minimum Maintenance (U),0.0,-9999.990234375
T2Run308 Project Analysis,Upgrade,89964928.0,201.25
T2Run308 Project Analysis,Minimum Maintenance (U),0.0,-9999.990234375
T2Run309 Project Analysis,Upgrade,356245920.0,777.9099731445312
T2Run309 Project Analysis,Minimum Maintenance (U),0.0,-9999.990234375
T2Run310 Project Analysis,Upgrade,346690816.0,757.6699829101562
T2Run310 Project Analysis,Minimum Maintenance (U),0.0,-9999.990234375
T2Run311 Project Analysis,Upgrade,362398784.0,790.9500122070312
T2Run311 Project Analysis,Minimum Maintenance (U),0.0,-9999.990234375
T2Run312 Project Analysis,Upgrade,352899200.0,770.8599853515625
T2Run312 Project Analysis,Minimum Maintenance (U),0.0,-9999.990234375
T2Run313 Project Analysis,Upgrade,359315328.0,784.5499877929688
T2Run313 Project Analysis,Minimum Maintenance (U),0.0,-9999.990234375
T2Run314 Project Analysis,Upgrade,392021792.0,853.8200073242188
T2Run314 Project Analysis,Minimum Maintenance (U),0.0,-9999.990234375
T2Run315 Project Analysis,Upgrade,436043520.0,-9999.990234375
T2Run315 Project Analysis,Minimum Maintenance (U),0.0,-9999.990234375
T2Run316 Project Analysis,Upgrade,34265816.0,70.51000213623047
T2Run316 Project Analysis,Minimum Maintenance (U),0.0,-9999.990234375
T2Run317 Project Analysis,Upgrade,33156926.0,68.76000213623047
T2Run317 Project Analysis,Minimum Maintenance (U),0.0,-9999.990234375
T2Run319 Project Analysis,Upgrade,33977184.0,70.47000122070312
T2Run319 Project Analysis,Minimum Maintenance (U),0.0,-9999.990234375
T2Run320 Project Analysis,Upgrade,34870492.0,72.7300033569336
T2Run320 Project Analysis,Minimum Maintenance (U),0.0,-9999.990234375
T2Run321 Project Analysis,Upgrade,38993896.0,80.43000030517578
T2Run321 Project Analysis,Minimum Maintenance (U),0.0,-9999.990234375
T2Run322 Project Analysis,Upgrade,43876420.0,90.51000213623047
T2Run322 Project Analysis,Minimum Maintenance (U),0.0,-9999.990234375
T2Run323 Project Analysis,Upgrade,93479664.0,175.72999572753906
T2Run323 Project Analysis,Minimum Maintenance (U),0.0,-9999.990234375
T2Run324 Project Analysis,Upgrade,90640872.0,171.44000244140625
T2Run324 Project Analysis,Minimum Maintenance (U),0.0,-9999.990234375
T2Run325 Project Analysis,Upgrade,95277824.0,178.5399932861328
T2Run325 Project Analysis,Minimum Maintenance (U),0.0,-9999.990234375
T2Run326 Project Analysis,Upgrade,92850688.0,178.97000122070312
T2Run326 Project Analysis,Minimum Maintenance (U),0.0,-9999.990234375
T2Run327 Project Analysis,Upgrade,94560680.0,182.1999969482422
T2Run327 Project Analysis,Minimum Maintenance (U),0.0,-9999.990234375
T2Run328 Project Analysis,Upgrade,104384872.0,198.3800048828125
T2Run328 Project Analysis,Minimum Maintenance (U),0.0,-9999.990234375
T2Run329 Project Analysis,Upgrade,114976408.0,220.39999389648438
T2Run329 Project Analysis,Minimum Maintenance (U),0.0,-9999.990234375
T2Run330 Project Analysis,Upgrade,463057856.0,-9999.990234375
T2Run330 Project Analysis,Minimum Maintenance (U),0.0,-9999.990234375
T2Run331 Project Analysis,Upgrade,449146976.0,878.469970703125
T2Run331 Project Analysis,Minimum Maintenance (U),0.0,-9999.990234375
T2Run332 Project Analysis,Upgrade,471788096.0,-9999.990234375
T2Run332 Project Analysis,Minimum Maintenance (U),0.0,-9999.990234375
T2Run333 Project Analysis,Upgrade,457738112.0,897.1199951171875
T2Run333 Project Analysis,Minimum Maintenance (U),0.0,-9999.990234375
T2Run334 Project Analysis,Upgrade,465528864.0,-9999.990234375
T2Run334 Project Analysis,Minimum Maintenance (U),0.0,-9999.990234375
T2Run335 Project Analysis,Upgrade,512865824.0,-9999.990234375
T2Run335 Project Analysis,Minimum Maintenance (U),0.0,-9999.990234375
T2Run338 Project Analysis,Upgrade,33156926.0,68.76000213623047
T2Run338 Project Analysis,Minimum Maintenance (U),0.0,-9999.990234375
T2Run339 Project Analysis,Upgrade,35052088.0,72.0199966430664
T2Run339 Project Analysis,Minimum Maintenance (U),0.0,-9999.990234375
T2Run340 Project Analysis,Upgrade,33977184.0,70.47000122070312
T2Run340 Project Analysis,Minimum Maintenance (U),0.0,-9999.990234375
T2Run341 Project Analysis,Upgrade,34870492.0,72.7300033569336
T2Run341 Project Analysis,Minimum Maintenance (U),0.0,-9999.990234375
T2Run343 Project Analysis,Upgrade,43876420.0,90.51000213623047
T2Run343 Project Analysis,Minimum Maintenance (U),0.0,-9999.990234375
T2Run344 Project Analysis,Upgrade,93479664.0,175.72999572753906
T2Run344 Project Analysis,Minimum Maintenance (U),0.0,-9999.990234375
T2Run345 Project Analysis,Upgrade,90640872.0,171.44000244140625
T2Run345 Project Analysis,Minimum Maintenance (U),0.0,-9999.990234375
T2Run346 Project Analysis,Upgrade,95277824.0,178.5399932861328
T2Run346 Project Analysis,Minimum Maintenance (U),0.0,-9999.990234375
T2Run347 Project Analysis,Upgrade,92850688.0,178.97000122070312
T2Run347 Project Analysis,Minimum Maintenance (U),0.0,-9999.990234375
T2Run348 Project Analysis,Upgrade,94560680.0,182.1999969482422
T2Run348 Project Analysis,Minimum Maintenance (U),0.0,-9999.990234375
T2Run349 Project Analysis,Upgrade,104384872.0,198.3800048828125
T2Run349 Project Analysis,Minimum Maintenance (U),0.0,-9999.990234375
T2Run350 Project Analysis,Upgrade,114976408.0,220.39999389648438
T2Run350 Project Analysis,Minimum Maintenance (U),0.0,-9999.990234375
T2Run351 Project Analysis,Upgrade,463057856.0,-9999.990234375
T2Run351 Project Analysis,Minimum Maintenance (U),0.0,-9999.990234375
T2Run352 Project Analysis,Upgrade,449146976.0,878.469970703125
T2Run352 Project Analysis,Minimum Maintenance (U),0.0,-9999.990234375
T2Run353 Project Analysis,Upgrade,471788096.0,-9999.990234375
T2Run353 Project Analysis,Minimum Maintenance (U),0.0,-9999.990234375
T2Run354 Project Analysis,Upgrade,457738112.0,897.1199951171875
T2Run354 Project Analysis,Minimum Maintenance (U),0.0,-9999.990234375
T2Run355 Project Analysis,Upgrade,465528864.0,-9999.990234375
T2Run355 Project Analysis,Minimum Maintenance (U),0.0,-9999.990234375
T2Run356 Project Analysis,Upgrade,512865824.0,-9999.990234375
T2Run356 Project Analysis,Minimum Maintenance (U),0.0,-9999.990234375
T2Run359 Project Analysis,Upgrade,35033996.0,77.72000122070312
T2Run359 Project Analysis,Minimum Maintenance (U),0.0,-9999.990234375
T2Run360 Project Analysis,Upgrade,36946820.0,80.83000183105469
T2Run360 Project Analysis,Minimum Maintenance (U),0.0,-9999.990234375
T2Run361 Project Analysis,Upgrade,35775720.0,78.98999786376953
T2Run361 Project Analysis,Minimum Maintenance (U),0.0,-9999.990234375
T2Run362 Project Analysis,Upgrade,36533272.0,80.45999908447266
T2Run362 Project Analysis,Minimum Maintenance (U),0.0,-9999.990234375
T2Run363 Project Analysis,Upgrade,40501516.0,86.80000305175781
T2Run363 Project Analysis,Minimum Maintenance (U),0.0,-9999.990234375
T2Run364 Project Analysis,Upgrade,45159936.0,96.1500015258789
T2Run364 Project Analysis,Minimum Maintenance (U),0.0,-9999.990234375
T2Run365 Project Analysis,Upgrade,95407192.0,190.8699951171875
T2Run365 Project Analysis,Minimum Maintenance (U),0.0,-9999.990234375
T2Run366 Project Analysis,Upgrade,92481352.0,185.8300018310547
T2Run366 Project Analysis,Minimum Maintenance (U),0.0,-9999.990234375
T2Run367 Project Analysis,Upgrade,97253552.0,194.10000610351562
T2Run367 Project Analysis,Minimum Maintenance (U),0.0,-9999.990234375
T2Run368 Project Analysis,Upgrade,94313736.0,189.2899932861328
T2Run368 Project Analysis,Minimum Maintenance (U),0.0,-9999.990234375
T2Run369 Project Analysis,Upgrade,96020304.0,192.52999877929688
T2Run369 Project Analysis,Minimum Maintenance (U),0.0,-9999.990234375
T2Run370 Project Analysis,Upgrade,105984480.0,209.77000427246094
T2Run370 Project Analysis,Minimum Maintenance (U),0.0,-9999.990234375
T2Run371 Project Analysis,Upgrade,116338904.0,230.41000366210938
T2Run371 Project Analysis,Minimum Maintenance (U),0.0,-9999.990234375
T2Run372 Project Analysis,Upgrade,451040416.0,-9999.990234375
T2Run372 Project Analysis,Minimum Maintenance (U),0.0,-9999.990234375
T2Run373 Project Analysis,Upgrade,437124448.0,883.030029296875
T2Run373 Project Analysis,Minimum Maintenance (U),0.0,-9999.990234375
T2Run375 Project Analysis,Upgrade,445541280.0,899.1400146484375
T2Run375 Project Analysis,Minimum Maintenance (U),0.0,-9999.990234375
T2Run376 Project Analysis,Upgrade,453331680.0,-9999.990234375
T2Run376 Project Analysis,Minimum Maintenance (U),0.0,-9999.990234375
T2Run377 Project Analysis,Upgrade,500646656.0,-9999.990234375
T2Run377 Project Analysis,Minimum Maintenance (U),0.0,-9999.990234375
T2Run378 Project Analysis,Upgrade,547071552.0,-9999.990234375
T2Run378 Project Analysis,Minimum Maintenance (U),0.0,-9999.990234375
T2Run379 Project Analysis,Upgrade,37255932.0,81.05000305175781
T2Run379 Project Analysis,Minimum Maintenance (U),0.0,-9999.990234375
T2Run380 Project Analysis,Upgrade,36058724.0,79.18000030517578
T2Run380 Project Analysis,Minimum Maintenance (U),0.0,-9999.990234375
T2Run381 Project Analysis,Upgrade,38014780.0,82.2699966430664
T2Run381 Project Analysis,Minimum Maintenance (U),0.0,-9999.990234375
T2Run382 Project Analysis,Upgrade,36809612.0,80.45999908447266
T2Run382 Project Analysis,Minimum Maintenance (U),0.0,-9999.990234375
T2Run383 Project Analysis,Upgrade,37546156.0,81.83999633789062
T2Run383 Project Analysis,Minimum Maintenance (U),0.0,-9999.990234375
T2Run384 Project Analysis,Upgrade,41611532.0,88.12999725341797
T2Run384 Project Analysis,Minimum Maintenance (U),0.0,-9999.990234375
T2Run385 Project Analysis,Upgrade,46188768.0,97.31999969482422
T2Run385 Project Analysis,Minimum Maintenance (U),0.0,-9999.990234375
T2Run386 Project Analysis,Upgrade,96891272.0,192.60000610351562
T2Run386 Project Analysis,Minimum Maintenance (U),0.0,-9999.990234375
T2Run387 Project Analysis,Upgrade,93911728.0,187.5500030517578
T2Run387 Project Analysis,Minimum Maintenance (U),0.0,-9999.990234375
T2Run388 Project Analysis,Upgrade,98766512.0,195.8300018310547
T2Run388 Project Analysis,Minimum Maintenance (U),0.0,-9999.990234375
T2Run389 Project Analysis,Upgrade,95726224.0,190.77000427246094
T2Run389 Project Analysis,Minimum Maintenance (U),0.0,-9999.990234375
T2Run390 Project Analysis,Upgrade,97429480.0,194.02000427246094
T2Run390 Project Analysis,Minimum Maintenance (U),0.0,-9999.990234375
T2Run391 Project Analysis,Upgrade,107570040.0,211.27999877929688
T2Run391 Project Analysis,Minimum Maintenance (U),0.0,-9999.990234375
T2Run392 Project Analysis,Upgrade,117802192.0,231.5800018310547
T2Run392 Project Analysis,Minimum Maintenance (U),0.0,-9999.990234375
T2Run393 Project Analysis,Upgrade,464855520.0,-9999.990234375
T2Run393 Project Analysis,Minimum Maintenance (U),0.0,-9999.990234375
T2Run394 Project Analysis,Upgrade,450867744.0,883.1900024414062
T2Run394 Project Analysis,Minimum Maintenance (U),0.0,-9999.990234375
T2Run395 Project Analysis,Upgrade,473627072.0,-9999.990234375
T2Run395 Project Analysis,Minimum Maintenance (U),0.0,-9999.990234375
T2Run396 Project Analysis,Upgrade,459302976.0,899.2000122070312
T2Run396 Project Analysis,Minimum Maintenance (U),0.0,-9999.990234375
T2Run397 Project Analysis,Upgrade,467088992.0,-9999.990234375
T2Run397 Project Analysis,Minimum Maintenance (U),0.0,-9999.990234375
T2Run398 Project Analysis,Upgrade,514638752.0,-9999.990234375
T2Run398 Project Analysis,Minimum Maintenance (U),0.0,-9999.990234375
